course_id,course_name,image_url
209806,AHA - BLS Provider - In-person Initial,https://www.enrollware.com/sitefiles/coastalcprtraining/Class_Images/20-1102.png
209806,AHA - BLS Provider - In-person Initial,https://www.enrollware.com/sitefiles/coastalcprtraining/Class_Images/20-2803.png
209806,AHA - BLS Provider - In-person Initial,https://www.enrollware.com/sitefiles/coastalcprtraining/Class_Images/BL.png
209806,AHA - BLS Provider - In-person Initial,https://www.enrollware.com/sitefiles/coastalcprtraining/Class_Images/THUP.png
209806,AHA - BLS Provider - In-person Initial,https://www.enrollware.com/sitefiles/coastalcprtraining/_AHA.png
209809,"AHA - Heartsaver® First Aid / CPR / AED In-person ❤️ Traditional Classroom (Instructor-Led) <span style=""color:#D32F2F; font-size:85%; font-weight:bold",https://www.enrollware.com/sitefiles/coastalcprtraining/Class_Images/20-3117.jpg
209809,"AHA - Heartsaver® First Aid / CPR / AED In-person ❤️ Traditional Classroom (Instructor-Led) <span style=""color:#D32F2F; font-size:85%; font-weight:bold",https://www.enrollware.com/sitefiles/coastalcprtraining/Class_Images/THUP.png
209809,"AHA - Heartsaver® First Aid / CPR / AED In-person ❤️ Traditional Classroom (Instructor-Led) <span style=""color:#D32F2F; font-size:85%; font-weight:bold",https://www.enrollware.com/sitefiles/coastalcprtraining/JohnsHSFACPRAED.png
209809,"AHA - Heartsaver® First Aid / CPR / AED In-person ❤️ Traditional Classroom (Instructor-Led) <span style=""color:#D32F2F; font-size:85%; font-weight:bold",https://www.enrollware.com/sitefiles/coastalcprtraining/Scroll.png
209809,"AHA - Heartsaver® First Aid / CPR / AED In-person ❤️ Traditional Classroom (Instructor-Led) <span style=""color:#D32F2F; font-size:85%; font-weight:bold",https://www.enrollware.com/sitefiles/coastalcprtraining/_AHA.png
209811,AHA - ACLS Provider - Online or Skills Session Blended Learning HeartCode® ACLS,https://d32pa7zymd21yl.cloudfront.net/pub/media/catalog/product/cache/1c36cdbe3649fe5626a79b79d64a74a3/1/5/15-1407_heartcode_acls_elearning_thumbnail.jpg
209811,AHA - ACLS Provider - Online or Skills Session Blended Learning HeartCode® ACLS,https://www.enrollware.com/sitefiles/coastalcprtraining/Class_Images/20-3554.jpg
209811,AHA - ACLS Provider - Online or Skills Session Blended Learning HeartCode® ACLS,https://www.enrollware.com/sitefiles/coastalcprtraining/Class_Images/419E5E17-3F14-4EB5-AF25-995EB198E2D0%5B1%5D.jpeg
209811,AHA - ACLS Provider - Online or Skills Session Blended Learning HeartCode® ACLS,https://www.enrollware.com/sitefiles/coastalcprtraining/Class_Images/ACLSHC.png
209811,AHA - ACLS Provider - Online or Skills Session Blended Learning HeartCode® ACLS,https://www.enrollware.com/sitefiles/coastalcprtraining/Class_Images/BLSS.png
209811,AHA - ACLS Provider - Online or Skills Session Blended Learning HeartCode® ACLS,https://www.enrollware.com/sitefiles/coastalcprtraining/Class_Images/ILT.png
209811,AHA - ACLS Provider - Online or Skills Session Blended Learning HeartCode® ACLS,https://www.enrollware.com/sitefiles/coastalcprtraining/Scroll.png
209811,AHA - ACLS Provider - Online or Skills Session Blended Learning HeartCode® ACLS,https://www.enrollware.com/sitefiles/coastalcprtraining/_AHA.png
209811,AHA - ACLS Provider - Online or Skills Session Blended Learning HeartCode® ACLS,https://www.enrollware.com/sitefiles/coastalcprtraining/steps.png
209812,AHA - PALS Provider - Online or Skills Session - Initial or Renewal Blended Learning HeartCode® PALS,https://www.enrollware.com/sitefiles/coastalcprtraining/Class_Images/BL.png
209812,AHA - PALS Provider - Online or Skills Session - Initial or Renewal Blended Learning HeartCode® PALS,https://www.enrollware.com/sitefiles/coastalcprtraining/Class_Images/BLSS.png
209812,AHA - PALS Provider - Online or Skills Session - Initial or Renewal Blended Learning HeartCode® PALS,https://www.enrollware.com/sitefiles/coastalcprtraining/Class_Images/ILT.png
209812,AHA - PALS Provider - Online or Skills Session - Initial or Renewal Blended Learning HeartCode® PALS,https://www.enrollware.com/sitefiles/coastalcprtraining/Scroll.png
209812,AHA - PALS Provider - Online or Skills Session - Initial or Renewal Blended Learning HeartCode® PALS,https://www.enrollware.com/sitefiles/coastalcprtraining/_AHA.png
209812,AHA - PALS Provider - Online or Skills Session - Initial or Renewal Blended Learning HeartCode® PALS,https://www.enrollware.com/sitefiles/coastalcprtraining/steps.png
209818,AHA - ACLS Provider Renewal - In-Person Instructor-led Classroom program for ACLS Renewal,https://www.enrollware.com/sitefiles/coastalcprtraining/Class_Images/20-1106.png
209818,AHA - ACLS Provider Renewal - In-Person Instructor-led Classroom program for ACLS Renewal,https://www.enrollware.com/sitefiles/coastalcprtraining/Class_Images/20-3100.jpg
209818,AHA - ACLS Provider Renewal - In-Person Instructor-led Classroom program for ACLS Renewal,https://www.enrollware.com/sitefiles/coastalcprtraining/Class_Images/AHAACLS.png
209818,AHA - ACLS Provider Renewal - In-Person Instructor-led Classroom program for ACLS Renewal,https://www.enrollware.com/sitefiles/coastalcprtraining/Class_Images/ILT.png
209818,AHA - ACLS Provider Renewal - In-Person Instructor-led Classroom program for ACLS Renewal,https://www.enrollware.com/sitefiles/coastalcprtraining/Class_Images/THUP.png
209818,AHA - ACLS Provider Renewal - In-Person Instructor-led Classroom program for ACLS Renewal,https://www.enrollware.com/sitefiles/coastalcprtraining/_AHA.png
210549,AHA - BLS Provider - Online Class with in-Person Skill Session - Initial or Renewal Blended Learning HeartCode® BLS,https://www.enrollware.com/sitefiles/coastalcprtraining/1828336.png
210549,AHA - BLS Provider - Online Class with in-Person Skill Session - Initial or Renewal Blended Learning HeartCode® BLS,https://www.enrollware.com/sitefiles/coastalcprtraining/Class_Images/20-3553.png
210549,AHA - BLS Provider - Online Class with in-Person Skill Session - Initial or Renewal Blended Learning HeartCode® BLS,https://www.enrollware.com/sitefiles/coastalcprtraining/Class_Images/AHAACLS.png
210549,AHA - BLS Provider - Online Class with in-Person Skill Session - Initial or Renewal Blended Learning HeartCode® BLS,https://www.enrollware.com/sitefiles/coastalcprtraining/Class_Images/BL.png
210549,AHA - BLS Provider - Online Class with in-Person Skill Session - Initial or Renewal Blended Learning HeartCode® BLS,https://www.enrollware.com/sitefiles/coastalcprtraining/Class_Images/BLSS.png
210549,AHA - BLS Provider - Online Class with in-Person Skill Session - Initial or Renewal Blended Learning HeartCode® BLS,https://www.enrollware.com/sitefiles/coastalcprtraining/Class_Images/HCBLS.png
210549,AHA - BLS Provider - Online Class with in-Person Skill Session - Initial or Renewal Blended Learning HeartCode® BLS,https://www.enrollware.com/sitefiles/coastalcprtraining/_AHA.png
241108,AHA - ACLS Provider - In-person Initial Instructor-led Classroom for Expired or New ACLS,https://www.enrollware.com/sitefiles/coastalcprtraining/Class_Images/20-1106.png
241108,AHA - ACLS Provider - In-person Initial Instructor-led Classroom for Expired or New ACLS,https://www.enrollware.com/sitefiles/coastalcprtraining/Class_Images/20-3100.jpg
241108,AHA - ACLS Provider - In-person Initial Instructor-led Classroom for Expired or New ACLS,https://www.enrollware.com/sitefiles/coastalcprtraining/Class_Images/ILT.png
241108,AHA - ACLS Provider - In-person Initial Instructor-led Classroom for Expired or New ACLS,https://www.enrollware.com/sitefiles/coastalcprtraining/Class_Images/THUP.png
241108,AHA - ACLS Provider - In-person Initial Instructor-led Classroom for Expired or New ACLS,https://www.enrollware.com/sitefiles/coastalcprtraining/_AHA.png
248287,ARC - BLS - Blended Learning Online - Initial or Renewal ARC Online Learning BLS with In-person Skills testing,https://www.enrollware.com/sitefiles/coastalcprtraining/Scroll.png
248287,ARC - BLS - Blended Learning Online - Initial or Renewal ARC Online Learning BLS with In-person Skills testing,https://www.enrollware.com/sitefiles/coastalcprtraining/_ARC.png
248288,ARC - BLS - In-Person Classroom Instructor-led Classroom for Expired or New BLS,https://d32pa7zymd21yl.cloudfront.net/pub/media/catalog/product/cache/646ce19b0765b2911af0b3b6072b6de6/2/0/20-1444_pals_plus_congen_heart_disease_1.png
248288,ARC - BLS - In-Person Classroom Instructor-led Classroom for Expired or New BLS,https://d32pa7zymd21yl.cloudfront.net/pub/media/catalog/product/cache/8fce8601fc2f12d655469c75674153c0/2/0/20-1445_pals_plus_post_card_arrest_care.png
248288,ARC - BLS - In-Person Classroom Instructor-led Classroom for Expired or New BLS,https://d32pa7zymd21yl.cloudfront.net/pub/media/catalog/product/cache/8fce8601fc2f12d655469c75674153c0/2/0/20-1446_pals_plus_ultrasound.png
248288,ARC - BLS - In-Person Classroom Instructor-led Classroom for Expired or New BLS,https://d32pa7zymd21yl.cloudfront.net/pub/media/catalog/product/cache/8fce8601fc2f12d655469c75674153c0/2/0/20-1447_pals_plus_sedation_analgesia.png
248288,ARC - BLS - In-Person Classroom Instructor-led Classroom for Expired or New BLS,https://d32pa7zymd21yl.cloudfront.net/pub/media/catalog/product/cache/8fce8601fc2f12d655469c75674153c0/2/0/20-1448_pals_plus_tech_dep_child.png
248288,ARC - BLS - In-Person Classroom Instructor-led Classroom for Expired or New BLS,https://d32pa7zymd21yl.cloudfront.net/pub/media/catalog/product/cache/8fce8601fc2f12d655469c75674153c0/2/0/20-1449_pals_plus_toxicology.png
248288,ARC - BLS - In-Person Classroom Instructor-led Classroom for Expired or New BLS,https://d32pa7zymd21yl.cloudfront.net/pub/media/catalog/product/cache/8fce8601fc2f12d655469c75674153c0/2/0/20-1450_pals_plus_child_absue.png
248288,ARC - BLS - In-Person Classroom Instructor-led Classroom for Expired or New BLS,https://d32pa7zymd21yl.cloudfront.net/pub/media/catalog/product/cache/8fce8601fc2f12d655469c75674153c0/2/0/20-1451_pals_plus_adv_airway.png
248288,ARC - BLS - In-Person Classroom Instructor-led Classroom for Expired or New BLS,https://www.enrollware.com/sitefiles/coastalcprtraining/Class_Images/15-1405.jpg
248288,ARC - BLS - In-Person Classroom Instructor-led Classroom for Expired or New BLS,https://www.enrollware.com/sitefiles/coastalcprtraining/Class_Images/15-1425.jpg
248288,ARC - BLS - In-Person Classroom Instructor-led Classroom for Expired or New BLS,https://www.enrollware.com/sitefiles/coastalcprtraining/Class_Images/20-1102.png
248288,ARC - BLS - In-Person Classroom Instructor-led Classroom for Expired or New BLS,https://www.enrollware.com/sitefiles/coastalcprtraining/Class_Images/20-1103.jpg
248288,ARC - BLS - In-Person Classroom Instructor-led Classroom for Expired or New BLS,https://www.enrollware.com/sitefiles/coastalcprtraining/Class_Images/20-1105.jpg
248288,ARC - BLS - In-Person Classroom Instructor-led Classroom for Expired or New BLS,https://www.enrollware.com/sitefiles/coastalcprtraining/Class_Images/20-1106.png
248288,ARC - BLS - In-Person Classroom Instructor-led Classroom for Expired or New BLS,https://www.enrollware.com/sitefiles/coastalcprtraining/Class_Images/20-1107.jpg
248288,ARC - BLS - In-Person Classroom Instructor-led Classroom for Expired or New BLS,https://www.enrollware.com/sitefiles/coastalcprtraining/Class_Images/20-1119.png
248288,ARC - BLS - In-Person Classroom Instructor-led Classroom for Expired or New BLS,https://www.enrollware.com/sitefiles/coastalcprtraining/Class_Images/20-1123.jpg
248288,ARC - BLS - In-Person Classroom Instructor-led Classroom for Expired or New BLS,https://www.enrollware.com/sitefiles/coastalcprtraining/Class_Images/20-1124.jpg
248288,ARC - BLS - In-Person Classroom Instructor-led Classroom for Expired or New BLS,https://www.enrollware.com/sitefiles/coastalcprtraining/Class_Images/20-1126.jpg
248288,ARC - BLS - In-Person Classroom Instructor-led Classroom for Expired or New BLS,https://www.enrollware.com/sitefiles/coastalcprtraining/Class_Images/20-1401.jpg
248288,ARC - BLS - In-Person Classroom Instructor-led Classroom for Expired or New BLS,https://www.enrollware.com/sitefiles/coastalcprtraining/Class_Images/20-1402.jpg
248288,ARC - BLS - In-Person Classroom Instructor-led Classroom for Expired or New BLS,https://www.enrollware.com/sitefiles/coastalcprtraining/Class_Images/20-1404.jpg
248288,ARC - BLS - In-Person Classroom Instructor-led Classroom for Expired or New BLS,https://www.enrollware.com/sitefiles/coastalcprtraining/Class_Images/20-1414.jpg
248288,ARC - BLS - In-Person Classroom Instructor-led Classroom for Expired or New BLS,https://www.enrollware.com/sitefiles/coastalcprtraining/Class_Images/20-1417.jpg
248288,ARC - BLS - In-Person Classroom Instructor-led Classroom for Expired or New BLS,https://www.enrollware.com/sitefiles/coastalcprtraining/Class_Images/20-1418.jpg
248288,ARC - BLS - In-Person Classroom Instructor-led Classroom for Expired or New BLS,https://www.enrollware.com/sitefiles/coastalcprtraining/Class_Images/20-1419.jpg
248288,ARC - BLS - In-Person Classroom Instructor-led Classroom for Expired or New BLS,https://www.enrollware.com/sitefiles/coastalcprtraining/Class_Images/20-1440.jpg
248288,ARC - BLS - In-Person Classroom Instructor-led Classroom for Expired or New BLS,https://www.enrollware.com/sitefiles/coastalcprtraining/Class_Images/20-2803.png
248288,ARC - BLS - In-Person Classroom Instructor-led Classroom for Expired or New BLS,https://www.enrollware.com/sitefiles/coastalcprtraining/Class_Images/20-2812.png
248288,ARC - BLS - In-Person Classroom Instructor-led Classroom for Expired or New BLS,https://www.enrollware.com/sitefiles/coastalcprtraining/Class_Images/20-3100.jpg
248288,ARC - BLS - In-Person Classroom Instructor-led Classroom for Expired or New BLS,https://www.enrollware.com/sitefiles/coastalcprtraining/Class_Images/20-3101.jpg
248288,ARC - BLS - In-Person Classroom Instructor-led Classroom for Expired or New BLS,https://www.enrollware.com/sitefiles/coastalcprtraining/Class_Images/20-3103.jpg
248288,ARC - BLS - In-Person Classroom Instructor-led Classroom for Expired or New BLS,https://www.enrollware.com/sitefiles/coastalcprtraining/Class_Images/20-3114.jpg
248288,ARC - BLS - In-Person Classroom Instructor-led Classroom for Expired or New BLS,https://www.enrollware.com/sitefiles/coastalcprtraining/Class_Images/20-3117.jpg
248288,ARC - BLS - In-Person Classroom Instructor-led Classroom for Expired or New BLS,https://www.enrollware.com/sitefiles/coastalcprtraining/Class_Images/20-3138.jpg
248288,ARC - BLS - In-Person Classroom Instructor-led Classroom for Expired or New BLS,https://www.enrollware.com/sitefiles/coastalcprtraining/Class_Images/20-3553.png
248288,ARC - BLS - In-Person Classroom Instructor-led Classroom for Expired or New BLS,https://www.enrollware.com/sitefiles/coastalcprtraining/Class_Images/20-3554.jpg
248288,ARC - BLS - In-Person Classroom Instructor-led Classroom for Expired or New BLS,https://www.enrollware.com/sitefiles/coastalcprtraining/Class_Images/BL.png
248288,ARC - BLS - In-Person Classroom Instructor-led Classroom for Expired or New BLS,https://www.enrollware.com/sitefiles/coastalcprtraining/Class_Images/BLSS.png
248288,ARC - BLS - In-Person Classroom Instructor-led Classroom for Expired or New BLS,https://www.enrollware.com/sitefiles/coastalcprtraining/Class_Images/EC-OSHA10CON.jpg
248288,ARC - BLS - In-Person Classroom Instructor-led Classroom for Expired or New BLS,https://www.enrollware.com/sitefiles/coastalcprtraining/Class_Images/EC-OSHA10CONSP.jpg
248288,ARC - BLS - In-Person Classroom Instructor-led Classroom for Expired or New BLS,https://www.enrollware.com/sitefiles/coastalcprtraining/Class_Images/EC-OSHA10GEN.jpg
248288,ARC - BLS - In-Person Classroom Instructor-led Classroom for Expired or New BLS,https://www.enrollware.com/sitefiles/coastalcprtraining/Class_Images/EC-OSHA10GENSP.jpg
248288,ARC - BLS - In-Person Classroom Instructor-led Classroom for Expired or New BLS,https://www.enrollware.com/sitefiles/coastalcprtraining/Class_Images/EC-OSHA30CON.jpg
248288,ARC - BLS - In-Person Classroom Instructor-led Classroom for Expired or New BLS,https://www.enrollware.com/sitefiles/coastalcprtraining/Class_Images/EC-OSHA30CONSP.jpg
248288,ARC - BLS - In-Person Classroom Instructor-led Classroom for Expired or New BLS,https://www.enrollware.com/sitefiles/coastalcprtraining/Class_Images/EC-OSHA30GEN.jpg
248288,ARC - BLS - In-Person Classroom Instructor-led Classroom for Expired or New BLS,https://www.enrollware.com/sitefiles/coastalcprtraining/Class_Images/EC-OSHA30GENSP.jpg
248288,ARC - BLS - In-Person Classroom Instructor-led Classroom for Expired or New BLS,https://www.enrollware.com/sitefiles/coastalcprtraining/Class_Images/ILT.png
248288,ARC - BLS - In-Person Classroom Instructor-led Classroom for Expired or New BLS,https://www.enrollware.com/sitefiles/coastalcprtraining/Class_Images/In.jpg
248288,ARC - BLS - In-Person Classroom Instructor-led Classroom for Expired or New BLS,https://www.enrollware.com/sitefiles/coastalcprtraining/Class_Images/Ippin.png
248288,ARC - BLS - In-Person Classroom Instructor-led Classroom for Expired or New BLS,https://www.enrollware.com/sitefiles/coastalcprtraining/Class_Images/Pre.jpg
248288,ARC - BLS - In-Person Classroom Instructor-led Classroom for Expired or New BLS,https://www.enrollware.com/sitefiles/coastalcprtraining/Class_Images/PreIn.jpg
248288,ARC - BLS - In-Person Classroom Instructor-led Classroom for Expired or New BLS,https://www.enrollware.com/sitefiles/coastalcprtraining/Class_Images/THUP.png
248288,ARC - BLS - In-Person Classroom Instructor-led Classroom for Expired or New BLS,https://www.enrollware.com/sitefiles/coastalcprtraining/Class_Images/callme.png
248288,ARC - BLS - In-Person Classroom Instructor-led Classroom for Expired or New BLS,https://www.enrollware.com/sitefiles/coastalcprtraining/Class_Images/kj-1487.jpg
248288,ARC - BLS - In-Person Classroom Instructor-led Classroom for Expired or New BLS,https://www.enrollware.com/sitefiles/coastalcprtraining/Class_Images/kj-1489.PNG
248288,ARC - BLS - In-Person Classroom Instructor-led Classroom for Expired or New BLS,https://www.enrollware.com/sitefiles/coastalcprtraining/Class_Images/kj-1498.jpg
248288,ARC - BLS - In-Person Classroom Instructor-led Classroom for Expired or New BLS,https://www.enrollware.com/sitefiles/coastalcprtraining/HSINST-203.png
248288,ARC - BLS - In-Person Classroom Instructor-led Classroom for Expired or New BLS,https://www.enrollware.com/sitefiles/coastalcprtraining/JohnsHSFACPRAED.png
248288,ARC - BLS - In-Person Classroom Instructor-led Classroom for Expired or New BLS,https://www.enrollware.com/sitefiles/coastalcprtraining/_AHA.png
248288,ARC - BLS - In-Person Classroom Instructor-led Classroom for Expired or New BLS,https://www.enrollware.com/sitefiles/coastalcprtraining/_ARC.png
248288,ARC - BLS - In-Person Classroom Instructor-led Classroom for Expired or New BLS,https://www.enrollware.com/sitefiles/coastalcprtraining/acls______.png
248288,ARC - BLS - In-Person Classroom Instructor-led Classroom for Expired or New BLS,https://www.enrollware.com/sitefiles/coastalcprtraining/bls______.jpg
251496,AHA - PALS Provider - In Person - Renewal Instructor-led Classroom for PALS renewal,https://www.enrollware.com/sitefiles/coastalcprtraining/Class_Images/BL.png
251496,AHA - PALS Provider - In Person - Renewal Instructor-led Classroom for PALS renewal,https://www.enrollware.com/sitefiles/coastalcprtraining/Class_Images/ILT.png
251496,AHA - PALS Provider - In Person - Renewal Instructor-led Classroom for PALS renewal,https://www.enrollware.com/sitefiles/coastalcprtraining/Class_Images/THUP.png
251496,AHA - PALS Provider - In Person - Renewal Instructor-led Classroom for PALS renewal,https://www.enrollware.com/sitefiles/coastalcprtraining/_AHA.png
251545,AHA - Heartsaver® Pediatric First Aid / CPR / AED Online + In-Person Skills ✔ Fulfills the CPR/First Aid component of NC DCDEE (10A NCAC 09 .1102); additional NC trainings required for full compliance ✔ Fulfills the CPR/First Aid requirement in CT OEC (Sec. 19a-79-4a); center,https://www.enrollware.com/sitefiles/coastalcprtraining/Class_Images/20-1404.jpg
251545,AHA - Heartsaver® Pediatric First Aid / CPR / AED Online + In-Person Skills ✔ Fulfills the CPR/First Aid component of NC DCDEE (10A NCAC 09 .1102); additional NC trainings required for full compliance ✔ Fulfills the CPR/First Aid requirement in CT OEC (Sec. 19a-79-4a); center,https://www.enrollware.com/sitefiles/coastalcprtraining/_AHA.png
252737,AHA - Family & Friends® CPR,https://www.enrollware.com/sitefiles/coastalcprtraining/FF-CPR-1.jpg
252737,AHA - Family & Friends® CPR,https://www.enrollware.com/sitefiles/coastalcprtraining/_AHA.png
252737,AHA - Family & Friends® CPR,https://www.enrollware.com/sitefiles/coastalcprtraining/family-and-friends-CPRhhhh.png
253588,AHA - BLS - Become an American Heart Association Instructor,https://www.enrollware.com/sitefiles/coastalcprtraining/Class_Images/20-1102.png
253588,AHA - BLS - Become an American Heart Association Instructor,https://www.enrollware.com/sitefiles/coastalcprtraining/Class_Images/20-1103.jpg
253588,AHA - BLS - Become an American Heart Association Instructor,https://www.enrollware.com/sitefiles/coastalcprtraining/Class_Images/20-1105.jpg
253588,AHA - BLS - Become an American Heart Association Instructor,https://www.enrollware.com/sitefiles/coastalcprtraining/Class_Images/20-1414.jpg
253588,AHA - BLS - Become an American Heart Association Instructor,https://www.enrollware.com/sitefiles/coastalcprtraining/Class_Images/20-2803.png
253588,AHA - BLS - Become an American Heart Association Instructor,https://www.enrollware.com/sitefiles/coastalcprtraining/Class_Images/20-3103.jpg
253588,AHA - BLS - Become an American Heart Association Instructor,https://www.enrollware.com/sitefiles/coastalcprtraining/Class_Images/ILT.png
253588,AHA - BLS - Become an American Heart Association Instructor,https://www.enrollware.com/sitefiles/coastalcprtraining/Class_Images/Ibpin.png
253588,AHA - BLS - Become an American Heart Association Instructor,https://www.enrollware.com/sitefiles/coastalcprtraining/_AHA.png
329495,AHA - Heartsaver® First Aid / CPR / AED Online + In-Person Skills Self-Paced Online Coursework with Instructor-Led Hands-On Skills Testing <span style=,https://www.enrollware.com/sitefiles/coastalcprtraining/JohnsHSFACPRAED.png
329495,AHA - Heartsaver® First Aid / CPR / AED Online + In-Person Skills Self-Paced Online Coursework with Instructor-Led Hands-On Skills Testing <span style=,https://www.enrollware.com/sitefiles/coastalcprtraining/Scroll.png
329495,AHA - Heartsaver® First Aid / CPR / AED Online + In-Person Skills Self-Paced Online Coursework with Instructor-Led Hands-On Skills Testing <span style=,https://www.enrollware.com/sitefiles/coastalcprtraining/_AHA.png
329495,AHA - Heartsaver® First Aid / CPR / AED Online + In-Person Skills Self-Paced Online Coursework with Instructor-Led Hands-On Skills Testing <span style=,https://www.enrollware.com/sitefiles/coastalcprtraining/steps.png
344085,AHA - Heartsaver® CPR AED - In-person,https://www.enrollware.com/sitefiles/coastalcprtraining/Class_Images/CPRAED.png
344085,AHA - Heartsaver® CPR AED - In-person,https://www.enrollware.com/sitefiles/coastalcprtraining/Class_Images/THUP.png
344085,AHA - Heartsaver® CPR AED - In-person,https://www.enrollware.com/sitefiles/coastalcprtraining/Scroll.png
344085,AHA - Heartsaver® CPR AED - In-person,https://www.enrollware.com/sitefiles/coastalcprtraining/_AHA.png
344486,STOP THE BLEED®,https://www.enrollware.com/sitefiles/coastalcprtraining/Class_Images/STB/STB_3MIN.jpg
344486,STOP THE BLEED®,https://www.enrollware.com/sitefiles/coastalcprtraining/STB_I.png
351632,AHA - Heartsaver® Pediatric First Aid / CPR / AED In-person ✔ Fulfills the CPR/First Aid component of NC DCDEE (10A NCAC 09 .1102); additional NC trainings required for full compliance ✔ Fulfills the CPR/First Aid requirement in CT OEC (Sec. 19a-79-4a); center policies/modules,https://www.enrollware.com/sitefiles/coastalcprtraining/Class_Images/THUP.png
351632,AHA - Heartsaver® Pediatric First Aid / CPR / AED In-person ✔ Fulfills the CPR/First Aid component of NC DCDEE (10A NCAC 09 .1102); additional NC trainings required for full compliance ✔ Fulfills the CPR/First Aid requirement in CT OEC (Sec. 19a-79-4a); center policies/modules,https://www.enrollware.com/sitefiles/coastalcprtraining/_AHA.png
359474,AHA - BLS Provider - In-person Renewal Instructor-led Classroom program for BLS Renewal,https://www.enrollware.com/sitefiles/coastalcprtraining/Class_Images/20-2803.png
359474,AHA - BLS Provider - In-person Renewal Instructor-led Classroom program for BLS Renewal,https://www.enrollware.com/sitefiles/coastalcprtraining/Class_Images/BL.png
359474,AHA - BLS Provider - In-person Renewal Instructor-led Classroom program for BLS Renewal,https://www.enrollware.com/sitefiles/coastalcprtraining/Class_Images/THUP.png
359474,AHA - BLS Provider - In-person Renewal Instructor-led Classroom program for BLS Renewal,https://www.enrollware.com/sitefiles/coastalcprtraining/Class_Images/USER_SCOPED_TEMP_DATA_orca-image-951419333%5B1%5D.jpg
359474,AHA - BLS Provider - In-person Renewal Instructor-led Classroom program for BLS Renewal,https://www.enrollware.com/sitefiles/coastalcprtraining/_AHA.png
359827,"Elementary First Aid ONLINE to meet ""U.S. Coast Guard Maritime Elementary First Aid and CPR"" Requirement Same day certification... both AHA card and AMERHA-216 Recieve the SAME card as the in-person class but, significantly more convenient.",https://www.enrollware.com/sitefiles/coastalcprtraining/JohnsHSFACPRAED.png
359827,"Elementary First Aid ONLINE to meet ""U.S. Coast Guard Maritime Elementary First Aid and CPR"" Requirement Same day certification... both AHA card and AMERHA-216 Recieve the SAME card as the in-person class but, significantly more convenient.",https://www.enrollware.com/sitefiles/coastalcprtraining/Logo/stripes.png
359827,"Elementary First Aid ONLINE to meet ""U.S. Coast Guard Maritime Elementary First Aid and CPR"" Requirement Same day certification... both AHA card and AMERHA-216 Recieve the SAME card as the in-person class but, significantly more convenient.",https://www.enrollware.com/sitefiles/coastalcprtraining/_AHA.png
359827,"Elementary First Aid ONLINE to meet ""U.S. Coast Guard Maritime Elementary First Aid and CPR"" Requirement Same day certification... both AHA card and AMERHA-216 Recieve the SAME card as the in-person class but, significantly more convenient.",https://www.enrollware.com/sitefiles/coastalcprtraining/steps.png
374378,HSI Adult First Aid | Adult/Child/Infant CPR AED Traditional Classroom ✔ Meets OSHA Requirements for Workplace Responders (29 CFR 1910.151),https://www.enrollware.com/sitefiles/coastalcprtraining/HSINST-203.png
374378,HSI Adult First Aid | Adult/Child/Infant CPR AED Traditional Classroom ✔ Meets OSHA Requirements for Workplace Responders (29 CFR 1910.151),https://www.enrollware.com/sitefiles/coastalcprtraining/Logo/stripes.png
374378,HSI Adult First Aid | Adult/Child/Infant CPR AED Traditional Classroom ✔ Meets OSHA Requirements for Workplace Responders (29 CFR 1910.151),https://www.enrollware.com/sitefiles/coastalcprtraining/Scroll.png
374378,HSI Adult First Aid | Adult/Child/Infant CPR AED Traditional Classroom ✔ Meets OSHA Requirements for Workplace Responders (29 CFR 1910.151),https://www.enrollware.com/sitefiles/coastalcprtraining/_HSI.png
444919,ARC BLS Challenge - Renewal for experienced Providers 🚨 An assessment-only session for experienced providers needing to renew their certification.,https://www.enrollware.com/sitefiles/coastalcprtraining/_ARC.png
445670,HSI BLS and Adult First Aid | Blended Learning Online Coursework with In-Person Skills Testing,https://otis.osmanager4.com/assets/images/otis.png
445670,HSI BLS and Adult First Aid | Blended Learning Online Coursework with In-Person Skills Testing,https://www.enrollware.com/sitefiles/coastalcprtraining/Class_Images/HSI_BLS_FA_BL.jpg
445670,HSI BLS and Adult First Aid | Blended Learning Online Coursework with In-Person Skills Testing,https://www.enrollware.com/sitefiles/coastalcprtraining/_AHA.png
445670,HSI BLS and Adult First Aid | Blended Learning Online Coursework with In-Person Skills Testing,https://www.enrollware.com/sitefiles/coastalcprtraining/_HSI.png
