label,course,cuid,certification,format,price,type,status,link
"Adult and Pediatric First Aid/CPR/AED - Blended","Adult and Pediatric First Aid/CPR/AED - Blended","cmbsrb6h2000rl104xk4xnise","ARC Adult and Pediatric First Aid/CPR/AED - Blended","Blended","75.00","Public","Archived","https://www.hovn.app/910cpr/courses/arc-adult-and-pediatric-first-aid-cpr-aed-blended/o/cmbsrb6h2000rl104xk4xnise"
"Heartsaver First Aid CPR AED","Heartsaver First Aid CPR AED","cmbu9ifq700bklb04mx02q6id","AHA Heartsaver First Aid CPR AED","Instructor-Led","90.00","Public","Archived","https://www.hovn.app/910cpr/courses/aha-heartsaver-first-aid-cpr-aed/o/cmbu9ifq700bklb04mx02q6id"
"Heartsaver First Aid","Heartsaver First Aid","cmbspjwhd000ll10445c5zlv0","AHA Heartsaver First Aid","Instructor-Led","80.00","Public","Published","https://www.hovn.app/910cpr/courses/aha-heartsaver-first-aid/o/cmbspjwhd000ll10445c5zlv0"
"ACLS Provider - Heartcode","ACLS Provider - Heartcode","cmbsp9dby000ejm04skurhczu","AHA ACLS Provider","Skills Assessment","100.00","Public","Archived","https://www.hovn.app/910cpr/courses/aha-acls-provider-heartcode/o/cmbsp9dby000ejm04skurhczu"
"ACLS for Experienced Providers (ACLS EP) - Instructor","ACLS for Experienced Providers (ACLS EP) - Instructor","cmbsouohl000ojj04bzxzaa9u","AHA ACLS EP Instructor","Instructor-Led","1.00","Public","Archived","https://www.hovn.app/910cpr/courses/aha-acls-ep-instructor/o/cmbsouohl000ojj04bzxzaa9u"
"Heartsaver for K-12 Schools","Heartsaver for K-12 Schools","cmbsq142y000dl804n1i7tzlb","AHA Heartsaver for K-12 Schools","Instructor-Led","45.00","Public","Published","https://www.hovn.app/910cpr/courses/aha-heartsaver-for-k-12-schools/o/cmbsq142y000dl804n1i7tzlb"
"BLS - Instructor","BLS - Instructor","cmbspbcjt000hl104q7sqhj65","AHA BLS Instructor","Instructor-Led","425.00","Public","Published","https://www.hovn.app/910cpr/courses/aha-bls-instructor/o/cmbspbcjt000hl104q7sqhj65"
"PALS Renewal","PALS Renewal","cmbsqfffj0008l704107vl40j","AHA PALS Provider","Instructor-Led","275.00","Public","Published","https://www.hovn.app/910cpr/courses/aha-pals-provider-update/o/cmbsqfffj0008l704107vl40j"
"Heartsaver First Aid - Blended","Heartsaver First Aid - Blended","cmbsplgj4000nl104r1ytdbec","AHA Heartsaver First Aid","Blended","80.00","Public","Published","https://www.hovn.app/910cpr/courses/aha-heartsaver-first-aid-blended/o/cmbsplgj4000nl104r1ytdbec"
"Heartsaver CPR AED","Heartsaver CPR AED","cmbsph6zy0006l104dvnasgaj","AHA Heartsaver CPR AED","Instructor-Led","80.00","Public","Published","https://www.hovn.app/910cpr/courses/aha-heartsaver-cpr-aed/o/cmbsph6zy0006l104dvnasgaj"
"Heartsaver Pediatric First Aid CPR AED - Blended","Heartsaver Pediatric First Aid CPR AED - Blended","cmbspqu900005l7041ug34quy","AHA Heartsaver Pediatric First Aid CPR AED","Instructor-Led","75.00","Public","Published","https://www.hovn.app/910cpr/courses/aha-heartsaver-pediatric-first-aid-cpr-aed-blended/o/cmbspqu900005l7041ug34quy"
"Heartsaver First Aid - Blended","Heartsaver First Aid - Blended","cmbspi7vj0000l804olyq23me","AHA Heartsaver First Aid","Blended","80.00","Public","Archived","https://www.hovn.app/910cpr/courses/aha-heartsaver-first-aid-blended/o/cmbspi7vj0000l804olyq23me"
"BLS for Healthcare Providers - Blended","BLS Provider - Blended","cmbsqvf2b0009jz044x3hd29t","ARC Basic Life Support (BLS) - Blended ","Blended","90.00","Public","Published","https://www.hovn.app/910cpr/courses/arc-bls-provider-blended/o/cmbsqvf2b0009jz044x3hd29t"
"Heartsaver CPR AED - Blended","Heartsaver CPR AED - Blended","cmbspol2d0008l104z9ltmm29","AHA Heartsaver CPR AED","Blended","80.00","Public","Published","https://www.hovn.app/910cpr/courses/aha-heartsaver-cpr-aed-blended/o/cmbspol2d0008l104z9ltmm29"
"PALS - Instructor","PALS - Instructor","cmbspwuq40004l804rftisjxm","AHA PALS Instructor","Blended","500.00","Public","Published","https://www.hovn.app/910cpr/courses/aha-pals-instructor/o/cmbspwuq40004l804rftisjxm"
"PALS Plus Provider","PALS Plus Provider","cmbsq8wpq0000jz04lo0qw6jg","AHA PALS Plus Provider","Instructor-Led","40.00","Public","Archived","https://www.hovn.app/910cpr/courses/aha-pals-plus-provider/o/cmbsq8wpq0000jz04lo0qw6jg"
"OSHA 10-Hour Construction ","OSHA 10-Hour Construction ","cmbsrdzpk000el704jb1n785o","HSI OSHA 10 Hr Construction","Online Self-Paced","75.00","Public","Published","https://www.hovn.app/910cpr/courses/hsi-osha-10-hour-construction/o/cmbsrdzpk000el704jb1n785o"
"OSHA 10-Hour General Industry","OSHA 10-Hour General Industry","cmbsrflqg0007jz04h1vrj6vk","HSI OSHA 10 Hr General Industry","Online Self-Paced","75.00","Public","Published","https://www.hovn.app/910cpr/courses/hsi-osha-10-hour-general-industry/o/cmbsrflqg0007jz04h1vrj6vk"
"OSHA 30-Hour Construction","OSHA 30-Hour Construction","cmbsrhy8k0000jr048aq2pjt1","HSI OSHA 30 Hr Construction","Online Self-Paced","150.00","Public","Published","https://www.hovn.app/910cpr/courses/hsi-osha-30-hour-construction/o/cmbsrhy8k0000jr048aq2pjt1"
"Adult and Pediatric First Aid/CPR/AED - Blended","Adult and Pediatric First Aid/CPR/AED - Blended","cmbsqoqxx0002jz04hokx92tw","ARC Adult and Pediatric First Aid/CPR/AED - Blended","Blended","85.00","Public","Published","https://www.hovn.app/910cpr/courses/arc-adult-and-pediatric-first-aid-cpr-aed-blended/o/cmbsqoqxx0002jz04hokx92tw"
"Adult First Aid & Adult Child Infant CPR AED","Adult First Aid & Adult Child Infant CPR AED","cmbsra514000dl704dzvd2aex","HSI Adult First Aid & Adult Child Infant CPR AED","Instructor-Led","90.00","Public","Archived","https://www.hovn.app/910cpr/courses/hsi-adult-first-aid-adult-child-infant-cpr-aed/o/cmbsra514000dl704dzvd2aex"
"Basic Life Support (BLS) - Blended Learning","Basic Life Support (BLS) - Blended Learning","cmbsrcens000bjz04bd1nu2za","HSI Basic Life Support","Blended","70.00","Public","Archived","https://www.hovn.app/910cpr/courses/hsi-basic-life-support-bls-blended/o/cmbsrcens000bjz04bd1nu2za"
"Adult Child Infant CPR AED","Adult Child Infant CPR AED","cmbsr16do000ql104hibylerl","HSI Adult Child Infant CPR AED","Instructor-Led","65.00","Public","Published","https://www.hovn.app/910cpr/courses/hsi-adult-child-infant-cpr-aed/o/cmbsr16do000ql104hibylerl"
"BLS - Instructor","BLS - Instructor","cmbsqqd0k0004jz04t2vbkezc","ARC Basic Life Support (BLS) Instructor","Blended","150.00","Public","Published","https://www.hovn.app/910cpr/courses/arc-bls-instructor/o/cmbsqqd0k0004jz04t2vbkezc"
"Adult CPR AED","Adult CPR AED","cmbsqxdbm0006jz04fwo6s5kp","HSI Adult CPR AED","Instructor-Led","60.00","Public","Published","https://www.hovn.app/910cpr/courses/hsi-adult-cpr-aed/o/cmbsqxdbm0006jz04fwo6s5kp"
"OSHA 30-Hour General Industry","OSHA 30-Hour General Industry","cmbsrjgfx000fl70477jopams","HSI OSHA 30 Hr General Industry","Online Self-Paced","150.00","Public","Published","https://www.hovn.app/910cpr/courses/hsi-osha-30-hour-general-industry/o/cmbsrjgfx000fl70477jopams"
"Adult CPR/AED - Blended","Adult CPR/AED - Blended","cmbsqk7f70007jz04zoha1rox","ARC Adult CPR/AED - Blended","Blended","80.00","Public","Published","https://www.hovn.app/910cpr/courses/arc-adult-cpr-aed-blended/o/cmbsqk7f70007jz04zoha1rox"
"Heartsaver for K-12 Schools - Blended","Heartsaver for K-12 Schools - Blended","cmbsq2rkc000cl1044xtvxtpr","AHA Heartsaver for K-12 Schools","Blended","75.00","Public","Published","https://www.hovn.app/910cpr/courses/heartsaver-for-k-12-schools-blended/o/cmbsq2rkc000cl1044xtvxtpr"
"Heartsaver First Aid CPR AED","Heartsaver First Aid CPR AED","cmbu9fujf0000l704lt2iau0p","AHA Heartsaver First Aid CPR AED","Instructor-Led","90.00","Public","Published","https://www.hovn.app/910cpr/courses/aha-heartsaver-first-aid-cpr-aed/o/cmbu9fujf0000l704lt2iau0p"
"BLS Provider","BLS Provider","cmfsphzbn0000lb04zsxcbqi3","AHA BLS Provider","Instructor-Led","65.00","Private","Published","https://www.hovn.app/910cpr/courses/aha-bls-provider/o/cmfsphzbn0000lb04zsxcbqi3"
"Heartsaver First Aid CPR/AED - Blended (Total)","Heartsaver First Aid CPR/AED - Blended (Total)","cmbspsqd30002l80492sowlxz","AHA Heartsaver First Aid CPR AED","Blended","90.00","Public","Published","https://www.hovn.app/910cpr/courses/aha-heartsaver-first-aid-cpr-aed-blended-total/o/cmbspsqd30002l80492sowlxz"
"BLS Provider - Heartcode","BLS Provider - Heartcode","cmbspdt0r0003l10487vrqq7m","AHA BLS Provider","Skills Assessment","55.00","Public","Published","https://www.hovn.app/910cpr/courses/aha-bls-provider-heartcode/o/cmbspdt0r0003l10487vrqq7m"
"Heartsaver First Aid CPR/AED - Blended (Basic)","Heartsaver First Aid CPR/AED - Blended (Basic)","cmbspv4uc000al104z0zmzxes","AHA Heartsaver First Aid CPR AED","Blended","90.00","Public","Archived","https://www.hovn.app/910cpr/courses/aha-heartsaver-first-aid-cpr-aed-blended-basic/o/cmbspv4uc000al104z0zmzxes"
"Adult and Pediatric CPR/AED - Blended","Adult and Pediatric CPR/AED - Blended","cmbsqm3ch0000jz04wljokrn1","ARC Adult and Pediatric CPR/AED – Blended","Blended","75.00","Public","Published","https://www.hovn.app/910cpr/courses/arc-adult-and-pediatric-cpr-aed-blended/o/cmbsqm3ch0000jz04wljokrn1"
"ACLS Provider","ACLS Provider","cmbsp1b4k000cjm045bn4ag23","AHA ACLS Provider","Instructor-Led","225.00","Public","Published","https://www.hovn.app/910cpr/courses/aha-acls-provider/o/cmbsp1b4k000cjm045bn4ag23"
"BLS Provider","BLS Provider","cmbshcsau0007ju04nk7lpyvx","AHA BLS Provider","Instructor-Led","75.00","Public","Published","https://www.hovn.app/910cpr/courses/aha-bls-provider/o/cmbshcsau0007ju04nk7lpyvx"
"Family & Friends CPR","Family & Friends CPR","cmernvjdr0000jx0478qsnvha",,"Instructor-Led","45.00","Public","Published","https://www.hovn.app/910cpr/courses/family-friends-cpr/o/cmernvjdr0000jx0478qsnvha"
"Heartsaver Pediatric First Aid CPR AED","Heartsaver Pediatric First Aid CPR AED","cmerog5er0000l204b3j074uz","AHA Heartsaver Pediatric First Aid CPR AED","Instructor-Led","90.00","Public","Published","https://www.hovn.app/910cpr/courses/aha-heartsaver-pediatric-first-aid-cpr-aed/o/cmerog5er0000l204b3j074uz"
"ACLS - Instructor","ACLS - Instructor","cmbsovoxu000fl1046y90gose","AHA ACLS Instructor","Instructor-Led","500.00","Public","Published","https://www.hovn.app/910cpr/courses/aha-acls-instructor/o/cmbsovoxu000fl1046y90gose"
"BLS Renewal","BLS Renewal","cmbspeu5q0005l104e1p7b2qi","AHA BLS Provider","Instructor-Led","75.00","Public","Published","https://www.hovn.app/910cpr/courses/aha-bls-provider-renewal/o/cmbspeu5q0005l104e1p7b2qi"
"ACLS Provider - Heartcode","ACLS Provider - Heartcode","cmbsp2hn10000l7049iut1ptb","AHA ACLS Provider","Skills Assessment","100.00","Public","Published","https://www.hovn.app/910cpr/courses/aha-acls-provider-heartcode/o/cmbsp2hn10000l7049iut1ptb"
"Heartsaver First Aid CPR/AED - Blended (Total)","Heartsaver First Aid CPR/AED - Blended (Total)","cmeroi3kq0001l2049gh5ozlb","AHA Heartsaver First Aid CPR AED","Blended","55.00","Public","Archived","https://www.hovn.app/910cpr/courses/aha-heartsaver-first-aid-cpr-aed-blended-total/o/cmeroi3kq0001l2049gh5ozlb"
"PALS Provider - Heartcode","PALS Provider - Heartcode","cmbsqds5y0007l704ulqoywl5","AHA PALS Provider","Blended","100.00","Public","Published","https://www.hovn.app/910cpr/courses/aha-pals-provider-heartcode/o/cmbsqds5y0007l704ulqoywl5"
"ACLS Renewal","ACLS Renewal","cmbsp7c00000gl104okmnr584","AHA ACLS Provider","Instructor-Led","225.00","Public","Published","https://www.hovn.app/910cpr/courses/aha-acls-update/o/cmbsp7c00000gl104okmnr584"
"PALS Provider","PALS Provider","cmbsqb2yw0001jz04u32a4gly","AHA PALS Provider","Instructor-Led","275.00","Public","Published","https://www.hovn.app/910cpr/courses/aha-pals-provider/o/cmbsqb2yw0001jz04u32a4gly"
"BLS Provider - Spanish","BLS Provider - Spanish","cmerotgtq0000l804tkdxc1fm","AHA BLS Provider","Instructor-Led","75.00","Public","Published","https://www.hovn.app/910cpr/courses/aha-bls-provider-spanish/o/cmerotgtq0000l804tkdxc1fm"
"Basic Life Support (BLS) with Adult First Aid – Blended Learning","Basic Life Support (BLS) with Adult First Aid – Blended Learning","cmbsrd2hn000cjz04tv5klzoj","HSI Basic Life Support","Blended","85.00","Public","Published","https://www.hovn.app/910cpr/courses/hsi-basic-life-support-bls-with-adult-first-aid-blended/o/cmbsrd2hn000cjz04tv5klzoj"
"Adult First Aid & Adult Child Infant CPR AED - Blended Learning","Adult First Aid & Adult Child Infant CPR AED - Blended Learning","cmeyhtenk0000i504mhu44ka6","HSI Adult First Aid & Adult Child Infant CPR AED","Blended","85.00","Public","Published","https://www.hovn.app/910cpr/courses/hsi-adult-first-aid-adult-child-infant-cpr-aed-blended-learning/o/cmeyhtenk0000i504mhu44ka6"
"Neonatal Resuscitation Program (NRP) – Blended Learning","Neonatal Resuscitation Program (NRP) – Blended Learning","cmg864b6b0005l504lg2yi5ia","AAP Neonatal Resuscitation Program (NRP)","Blended","0.01","Public","Archived","https://www.hovn.app/910cpr/courses/aap-neonatal-resuscitation-program-nrp-blended/o/cmg864b6b0005l504lg2yi5ia"
"ACLS Renewal $149","ACLS Renewal","cmg36ry4i0000l40480pnz2e8","AHA ACLS Provider","Instructor-Led","149.00","Public","Draft","https://www.hovn.app/910cpr/courses/aha-acls-update/o/cmg36ry4i0000l40480pnz2e8"
"Heartsaver First Aid CPR/AED - Blended (Basic)","Heartsaver First Aid CPR/AED - Blended (Basic)","cmbu9cg1t0000la0468bxoqbi","AHA Heartsaver First Aid CPR AED","Blended","90.00","Public","Published","https://www.hovn.app/910cpr/courses/aha-heartsaver-first-aid-cpr-aed-blended-basic/o/cmbu9cg1t0000la0468bxoqbi"
"BLS for Healthcare Providers","BLS Provider","cmf1tf5900004le045jljveui","ARC Basic Life Support (BLS)","Instructor-Led","90.00","Public","Draft","https://www.hovn.app/910cpr/courses/arc-bls-provider/o/cmf1tf5900004le045jljveui"