visible_page_url,course_display_name,normalized_course_key,date,time,location_town,visible_button_text,visible_booking_check_url,row_source,matching_class_report_row,enrollware_class_session_id,appointmentDayId,courseId,seed_source_file,dynamic_offer_source_file,confidence,notes
/bls.html,AHA BLS Provider (Initial),aha_bls,2026-06-29,9:15 AM,NC - Wilmington: 4018 Shipyard Blvd; Room B @ 910CPR's Office,Book This Class,https://coastalcprtraining.enrollware.com/enroll?id=13652934,existing_enrollware_class,13652934,13652934,,,,,high,Visible row session ID matches latest Class Report.
/bls.html,AHA BLS Provider (Initial),aha_bls,2026-06-29,12:30 PM,NC - Wilmington: 4018 Shipyard Blvd; Room B @ 910CPR's Office,Book This Class,https://coastalcprtraining.enrollware.com/enroll?id=12774326,existing_enrollware_class,12774326,12774326,,,,,high,Visible row session ID matches latest Class Report.
/bls.html,AHA BLS Provider (Initial),aha_bls,2026-06-30,12:30 PM,NC - Wilmington: 4018 Shipyard Blvd; Room B @ 910CPR's Office,Book This Class,https://coastalcprtraining.enrollware.com/enroll?id=12776774,existing_enrollware_class,12776774,12776774,,,,,high,Visible row session ID matches latest Class Report.
/bls.html,AHA BLS Provider (Initial),aha_bls,2026-07-01,6:45 PM,NC - Wilmington: 4018 Shipyard Blvd; Room B @ 910CPR's Office,Book This Class,https://coastalcprtraining.enrollware.com/enroll?id=12774592,existing_enrollware_class,12774592,12774592,,,,,high,Visible row session ID matches latest Class Report.
/bls.html,AHA BLS Provider (Initial),aha_bls,2026-07-02,9:15 AM,NC - Wilmington: 4018 Shipyard Blvd; Room B @ 910CPR's Office,Book This Class,https://coastalcprtraining.enrollware.com/enroll?id=13652925,existing_enrollware_class,13652925,13652925,,,,,high,Visible row session ID matches latest Class Report.
/bls.html,AHA BLS Provider (Initial),aha_bls,2026-07-03,12:30 PM,NC - Wilmington: 4018 Shipyard Blvd; Room B @ 910CPR's Office,Book This Class,https://coastalcprtraining.enrollware.com/enroll?id=12774344,existing_enrollware_class,12774344,12774344,,,,,high,Visible row session ID matches latest Class Report.
/bls.html,AHA BLS Provider (Initial),aha_bls,2026-07-03,6:15 PM,NC - Wilmington: 4018 Shipyard Blvd; Room B @ 910CPR's Office,Book This Class,https://coastalcprtraining.enrollware.com/enroll?id=12774589,existing_enrollware_class,12774589,12774589,,,,,high,Visible row session ID matches latest Class Report.
/bls.html,AHA BLS Provider (Initial),aha_bls,2026-07-04,12:30 PM,NC - Wilmington: 4018 Shipyard Blvd; Room B @ 910CPR's Office,Book This Class,https://coastalcprtraining.enrollware.com/enroll?id=12776666,existing_enrollware_class,12776666,12776666,,,,,high,Visible row session ID matches latest Class Report.
/bls.html,AHA BLS Provider (Initial),aha_bls,2026-07-04,6:15 PM,NC - Wilmington: 4018 Shipyard Blvd; Room B @ 910CPR's Office,Book This Class,https://coastalcprtraining.enrollware.com/enroll?id=12774548,existing_enrollware_class,12774548,12774548,,,,,high,Visible row session ID matches latest Class Report.
/bls.html,AHA BLS Provider (Initial),aha_bls,2026-07-06,9:15 AM,NC - Wilmington: 4018 Shipyard Blvd; Room B @ 910CPR's Office,Book This Class,https://coastalcprtraining.enrollware.com/enroll?id=13652930,existing_enrollware_class,13652930,13652930,,,,,high,Visible row session ID matches latest Class Report.
/bls.html,AHA BLS Provider (Initial),aha_bls,2026-07-06,12:30 PM,NC - Wilmington: 4018 Shipyard Blvd; Room B @ 910CPR's Office,Book This Class,https://coastalcprtraining.enrollware.com/enroll?id=12774335,existing_enrollware_class,12774335,12774335,,,,,high,Visible row session ID matches latest Class Report.
/bls.html,AHA BLS Provider (Initial),aha_bls,2026-07-06,6:15 PM,NC - Wilmington: 4018 Shipyard Blvd; Room B @ 910CPR's Office,Book This Class,https://coastalcprtraining.enrollware.com/enroll?id=12774597,existing_enrollware_class,12774597,12774597,,,,,high,Visible row session ID matches latest Class Report.
/bls.html,AHA BLS Provider (Initial),aha_bls,2026-07-08,6:45 PM,NC - Wilmington: 4018 Shipyard Blvd; Room B @ 910CPR's Office,Book This Class,https://coastalcprtraining.enrollware.com/enroll?id=12774593,existing_enrollware_class,12774593,12774593,,,,,high,Visible row session ID matches latest Class Report.
/bls.html,AHA BLS Provider (Initial),aha_bls,2026-07-09,9:15 AM,NC - Wilmington: 4018 Shipyard Blvd; Room B @ 910CPR's Office,Book This Class,https://coastalcprtraining.enrollware.com/enroll?id=13652926,existing_enrollware_class,13652926,13652926,,,,,high,Visible row session ID matches latest Class Report.
/bls.html,AHA BLS Provider (Initial),aha_bls,2026-07-10,12:30 PM,NC - Wilmington: 4018 Shipyard Blvd; Room B @ 910CPR's Office,Book This Class,https://coastalcprtraining.enrollware.com/enroll?id=12774345,existing_enrollware_class,12774345,12774345,,,,,high,Visible row session ID matches latest Class Report.
/bls.html,AHA BLS Provider (Initial),aha_bls,2026-07-10,6:15 PM,NC - Wilmington: 4018 Shipyard Blvd; Room B @ 910CPR's Office,Book This Class,https://coastalcprtraining.enrollware.com/enroll?id=12774587,existing_enrollware_class,12774587,12774587,,,,,high,Visible row session ID matches latest Class Report.
/bls.html,AHA BLS Provider (Initial),aha_bls,2026-07-11,12:30 PM,NC - Wilmington: 4018 Shipyard Blvd; Room B @ 910CPR's Office,Book This Class,https://coastalcprtraining.enrollware.com/enroll?id=12776667,existing_enrollware_class,12776667,12776667,,,,,high,Visible row session ID matches latest Class Report.
/bls.html,AHA BLS Provider (Initial),aha_bls,2026-07-11,6:15 PM,NC - Wilmington: 4018 Shipyard Blvd; Room B @ 910CPR's Office,Book This Class,https://coastalcprtraining.enrollware.com/enroll?id=12774584,existing_enrollware_class,12774584,12774584,,,,,high,Visible row session ID matches latest Class Report.
/bls.html,AHA BLS Provider (Initial),aha_bls,2026-07-13,9:15 AM,NC - Wilmington: 4018 Shipyard Blvd; Room B @ 910CPR's Office,Book This Class,https://coastalcprtraining.enrollware.com/enroll?id=13652931,existing_enrollware_class,13652931,13652931,,,,,high,Visible row session ID matches latest Class Report.
/bls.html,AHA BLS Provider (Initial),aha_bls,2026-07-13,12:30 PM,NC - Wilmington: 4018 Shipyard Blvd; Room B @ 910CPR's Office,Book This Class,https://coastalcprtraining.enrollware.com/enroll?id=12774336,existing_enrollware_class,12774336,12774336,,,,,high,Visible row session ID matches latest Class Report.
/bls.html,AHA BLS Provider (Initial),aha_bls,2026-07-13,6:15 PM,NC - Wilmington: 4018 Shipyard Blvd; Room B @ 910CPR's Office,Book This Class,https://coastalcprtraining.enrollware.com/enroll?id=12774598,existing_enrollware_class,12774598,12774598,,,,,high,Visible row session ID matches latest Class Report.
/bls.html,AHA BLS Provider (Initial),aha_bls,2026-07-15,6:45 PM,NC - Wilmington: 4018 Shipyard Blvd; Room B @ 910CPR's Office,Book This Class,https://coastalcprtraining.enrollware.com/enroll?id=12774594,existing_enrollware_class,12774594,12774594,,,,,high,Visible row session ID matches latest Class Report.
/bls.html,AHA BLS Provider (Initial),aha_bls,2026-07-16,9:15 AM,NC - Wilmington: 4018 Shipyard Blvd; Room B @ 910CPR's Office,Book This Class,https://coastalcprtraining.enrollware.com/enroll?id=13652927,existing_enrollware_class,13652927,13652927,,,,,high,Visible row session ID matches latest Class Report.
/bls.html,AHA BLS Provider (Initial),aha_bls,2026-07-17,12:30 PM,NC - Wilmington: 4018 Shipyard Blvd; Room B @ 910CPR's Office,Book This Class,https://coastalcprtraining.enrollware.com/enroll?id=12774346,existing_enrollware_class,12774346,12774346,,,,,high,Visible row session ID matches latest Class Report.
/bls.html,AHA BLS Provider (Initial),aha_bls,2026-07-17,6:15 PM,NC - Wilmington: 4018 Shipyard Blvd; Room B @ 910CPR's Office,Book This Class,https://coastalcprtraining.enrollware.com/enroll?id=12774588,existing_enrollware_class,12774588,12774588,,,,,high,Visible row session ID matches latest Class Report.
/bls.html,AHA BLS Provider (Initial),aha_bls,2026-07-18,12:30 PM,NC - Wilmington: 4018 Shipyard Blvd; Room B @ 910CPR's Office,Book This Class,https://coastalcprtraining.enrollware.com/enroll?id=12776668,existing_enrollware_class,12776668,12776668,,,,,high,Visible row session ID matches latest Class Report.
/bls.html,AHA BLS Provider (Initial),aha_bls,2026-07-18,6:15 PM,NC - Wilmington: 4018 Shipyard Blvd; Room B @ 910CPR's Office,Book This Class,https://coastalcprtraining.enrollware.com/enroll?id=12774585,existing_enrollware_class,12774585,12774585,,,,,high,Visible row session ID matches latest Class Report.
/bls.html,AHA BLS Provider (Initial),aha_bls,2026-07-20,9:15 AM,NC - Wilmington: 4018 Shipyard Blvd; Room B @ 910CPR's Office,Book This Class,https://coastalcprtraining.enrollware.com/enroll?id=13652932,existing_enrollware_class,13652932,13652932,,,,,high,Visible row session ID matches latest Class Report.
/bls.html,AHA BLS Provider (Initial),aha_bls,2026-07-20,12:30 PM,NC - Wilmington: 4018 Shipyard Blvd; Room B @ 910CPR's Office,Book This Class,https://coastalcprtraining.enrollware.com/enroll?id=12774337,existing_enrollware_class,12774337,12774337,,,,,high,Visible row session ID matches latest Class Report.
/bls.html,AHA BLS Provider (Initial),aha_bls,2026-07-21,12:30 PM,NC - Wilmington: 4018 Shipyard Blvd; Room B @ 910CPR's Office,Book This Class,https://coastalcprtraining.enrollware.com/enroll?id=13623240,existing_enrollware_class,13623240,13623240,,,,,high,Visible row session ID matches latest Class Report.
/bls.html,AHA BLS Provider (Initial),aha_bls,2026-07-22,6:45 PM,NC - Wilmington: 4018 Shipyard Blvd; Room B @ 910CPR's Office,Book This Class,https://coastalcprtraining.enrollware.com/enroll?id=12774595,existing_enrollware_class,12774595,12774595,,,,,high,Visible row session ID matches latest Class Report.
/bls.html,AHA BLS Provider (Initial),aha_bls,2026-07-23,9:15 AM,NC - Wilmington: 4018 Shipyard Blvd; Room B @ 910CPR's Office,Book This Class,https://coastalcprtraining.enrollware.com/enroll?id=13652928,existing_enrollware_class,13652928,13652928,,,,,high,Visible row session ID matches latest Class Report.
/bls.html,AHA BLS Provider (Initial),aha_bls,2026-07-24,12:30 PM,NC - Wilmington: 4018 Shipyard Blvd; Room B @ 910CPR's Office,Book This Class,https://coastalcprtraining.enrollware.com/enroll?id=12774347,existing_enrollware_class,12774347,12774347,,,,,high,Visible row session ID matches latest Class Report.
/bls.html,AHA BLS Provider (Initial),aha_bls,2026-07-24,6:15 PM,NC - Wilmington: 4018 Shipyard Blvd; Room B @ 910CPR's Office,Book This Class,https://coastalcprtraining.enrollware.com/enroll?id=12774590,existing_enrollware_class,12774590,12774590,,,,,high,Visible row session ID matches latest Class Report.
/bls.html,AHA BLS Provider (Initial),aha_bls,2026-07-25,12:30 PM,NC - Wilmington: 4018 Shipyard Blvd; Room B @ 910CPR's Office,Book This Class,https://coastalcprtraining.enrollware.com/enroll?id=12776669,existing_enrollware_class,12776669,12776669,,,,,high,Visible row session ID matches latest Class Report.
/bls.html,AHA BLS Provider (Initial),aha_bls,2026-07-25,6:15 PM,NC - Wilmington: 4018 Shipyard Blvd; Room B @ 910CPR's Office,Book This Class,https://coastalcprtraining.enrollware.com/enroll?id=12774586,existing_enrollware_class,12774586,12774586,,,,,high,Visible row session ID matches latest Class Report.
/bls.html,AHA BLS Provider (Initial),aha_bls,2026-07-27,9:15 AM,NC - Wilmington: 4018 Shipyard Blvd; Room B @ 910CPR's Office,Book This Class,https://coastalcprtraining.enrollware.com/enroll?id=13652933,existing_enrollware_class,13652933,13652933,,,,,high,Visible row session ID matches latest Class Report.
/bls.html,AHA BLS Provider (Initial),aha_bls,2026-07-27,12:30 PM,NC - Wilmington: 4018 Shipyard Blvd; Room B @ 910CPR's Office,Book This Class,https://coastalcprtraining.enrollware.com/enroll?id=12774338,existing_enrollware_class,12774338,12774338,,,,,high,Visible row session ID matches latest Class Report.
/bls.html,AHA BLS Provider (Initial),aha_bls,2026-07-27,6:15 PM,NC - Wilmington: 4018 Shipyard Blvd; Room B @ 910CPR's Office,Book This Class,https://coastalcprtraining.enrollware.com/enroll?id=12774599,existing_enrollware_class,12774599,12774599,,,,,high,Visible row session ID matches latest Class Report.
/bls.html,AHA BLS Provider (Initial),aha_bls,2026-07-29,6:45 PM,NC - Wilmington: 4018 Shipyard Blvd; Room B @ 910CPR's Office,Book This Class,https://coastalcprtraining.enrollware.com/enroll?id=12774596,existing_enrollware_class,12774596,12774596,,,,,high,Visible row session ID matches latest Class Report.
/bls.html,AHA BLS Provider (Initial),aha_bls,2026-07-30,9:15 AM,NC - Wilmington: 4018 Shipyard Blvd; Room B @ 910CPR's Office,Book This Class,https://coastalcprtraining.enrollware.com/enroll?id=13652929,existing_enrollware_class,13652929,13652929,,,,,high,Visible row session ID matches latest Class Report.
/bls.html,AHA BLS Provider (Initial),aha_bls,2026-07-31,12:30 PM,NC - Wilmington: 4018 Shipyard Blvd; Room B @ 910CPR's Office,Book This Class,https://coastalcprtraining.enrollware.com/enroll?id=12774348,existing_enrollware_class,12774348,12774348,,,,,high,Visible row session ID matches latest Class Report.
/bls.html,AHA BLS Provider (Initial),aha_bls,2026-07-31,6:15 PM,NC - Wilmington: 4018 Shipyard Blvd; Room B @ 910CPR's Office,Book This Class,https://coastalcprtraining.enrollware.com/enroll?id=12774591,existing_enrollware_class,12774591,12774591,,,,,high,Visible row session ID matches latest Class Report.
/bls.html,AHA BLS Provider (Initial),aha_bls,2026-08-14,12:45 PM,NC - Wilmington: 4018 Shipyard Blvd; Room B @ 910CPR's Office,Book This Class,https://coastalcprtraining.enrollware.com/enroll?id=13601250,existing_enrollware_class,13601250,13601250,,,,,high,Visible row session ID matches latest Class Report.
/bls.html,AHA BLS Provider (Renewal),aha_bls,2026-06-29,9:15 AM,NC - Wilmington: 4018 Shipyard Blvd; Room B @ 910CPR's Office,Book This Class,https://coastalcprtraining.enrollware.com/enroll?id=13652937,existing_enrollware_class,13652937,13652937,,,,,high,Visible row session ID matches latest Class Report.
/bls.html,AHA BLS Provider (Renewal),aha_bls,2026-06-29,12:30 PM,NC - Wilmington: 4018 Shipyard Blvd; Room B @ 910CPR's Office,Book This Class,https://coastalcprtraining.enrollware.com/enroll?id=12775528,existing_enrollware_class,12775528,12775528,,,,,high,Visible row session ID matches latest Class Report.
/bls.html,AHA BLS Provider (Renewal),aha_bls,2026-07-01,6:45 PM,NC - Wilmington: 4018 Shipyard Blvd; Room B @ 910CPR's Office,Book This Class,https://coastalcprtraining.enrollware.com/enroll?id=12775312,existing_enrollware_class,12775312,12775312,,,,,high,Visible row session ID matches latest Class Report.
/bls.html,AHA BLS Provider (Renewal),aha_bls,2026-07-02,9:15 AM,NC - Wilmington: 4018 Shipyard Blvd; Room B @ 910CPR's Office,Book This Class,https://coastalcprtraining.enrollware.com/enroll?id=13652942,existing_enrollware_class,13652942,13652942,,,,,high,Visible row session ID matches latest Class Report.
/bls.html,AHA BLS Provider (Renewal),aha_bls,2026-07-03,12:30 PM,NC - Wilmington: 4018 Shipyard Blvd; Room B @ 910CPR's Office,Book This Class,https://coastalcprtraining.enrollware.com/enroll?id=12775550,existing_enrollware_class,12775550,12775550,,,,,high,Visible row session ID matches latest Class Report.
/bls.html,AHA BLS Provider (Renewal),aha_bls,2026-07-03,6:15 PM,NC - Wilmington: 4018 Shipyard Blvd; Room B @ 910CPR's Office,Book This Class,https://coastalcprtraining.enrollware.com/enroll?id=12775317,existing_enrollware_class,12775317,12775317,,,,,high,Visible row session ID matches latest Class Report.
/bls.html,AHA BLS Provider (Renewal),aha_bls,2026-07-04,12:30 PM,NC - Wilmington: 4018 Shipyard Blvd; Room B @ 910CPR's Office,Book This Class,https://coastalcprtraining.enrollware.com/enroll?id=12775555,existing_enrollware_class,12775555,12775555,,,,,high,Visible row session ID matches latest Class Report.
/bls.html,AHA BLS Provider (Renewal),aha_bls,2026-07-04,6:15 PM,NC - Wilmington: 4018 Shipyard Blvd; Room B @ 910CPR's Office,Book This Class,https://coastalcprtraining.enrollware.com/enroll?id=12775318,existing_enrollware_class,12775318,12775318,,,,,high,Visible row session ID matches latest Class Report.
/bls.html,AHA BLS Provider (Renewal),aha_bls,2026-07-06,9:15 AM,NC - Wilmington: 4018 Shipyard Blvd; Room B @ 910CPR's Office,Book This Class,https://coastalcprtraining.enrollware.com/enroll?id=13652938,existing_enrollware_class,13652938,13652938,,,,,high,Visible row session ID matches latest Class Report.
/bls.html,AHA BLS Provider (Renewal),aha_bls,2026-07-06,12:30 PM,NC - Wilmington: 4018 Shipyard Blvd; Room B @ 910CPR's Office,Book This Class,https://coastalcprtraining.enrollware.com/enroll?id=12775541,existing_enrollware_class,12775541,12775541,,,,,high,Visible row session ID matches latest Class Report.
/bls.html,AHA BLS Provider (Renewal),aha_bls,2026-07-06,6:15 PM,NC - Wilmington: 4018 Shipyard Blvd; Room B @ 910CPR's Office,Book This Class,https://coastalcprtraining.enrollware.com/enroll?id=12775308,existing_enrollware_class,12775308,12775308,,,,,high,Visible row session ID matches latest Class Report.
/bls.html,AHA BLS Provider (Renewal),aha_bls,2026-07-08,6:45 PM,NC - Wilmington: 4018 Shipyard Blvd; Room B @ 910CPR's Office,Book This Class,https://coastalcprtraining.enrollware.com/enroll?id=12775313,existing_enrollware_class,12775313,12775313,,,,,high,Visible row session ID matches latest Class Report.
/bls.html,AHA BLS Provider (Renewal),aha_bls,2026-07-09,9:15 AM,NC - Wilmington: 4018 Shipyard Blvd; Room B @ 910CPR's Office,Book This Class,https://coastalcprtraining.enrollware.com/enroll?id=13652944,existing_enrollware_class,13652944,13652944,,,,,high,Visible row session ID matches latest Class Report.
/bls.html,AHA BLS Provider (Renewal),aha_bls,2026-07-10,12:30 PM,NC - Wilmington: 4018 Shipyard Blvd; Room B @ 910CPR's Office,Book This Class,https://coastalcprtraining.enrollware.com/enroll?id=12775551,existing_enrollware_class,12775551,12775551,,,,,high,Visible row session ID matches latest Class Report.
/bls.html,AHA BLS Provider (Renewal),aha_bls,2026-07-10,6:15 PM,NC - Wilmington: 4018 Shipyard Blvd; Room B @ 910CPR's Office,Book This Class,https://coastalcprtraining.enrollware.com/enroll?id=12775320,existing_enrollware_class,12775320,12775320,,,,,high,Visible row session ID matches latest Class Report.
/bls.html,AHA BLS Provider (Renewal),aha_bls,2026-07-11,12:30 PM,NC - Wilmington: 4018 Shipyard Blvd; Room B @ 910CPR's Office,Book This Class,https://coastalcprtraining.enrollware.com/enroll?id=12775556,existing_enrollware_class,12775556,12775556,,,,,high,Visible row session ID matches latest Class Report.
/bls.html,AHA BLS Provider (Renewal),aha_bls,2026-07-11,6:15 PM,NC - Wilmington: 4018 Shipyard Blvd; Room B @ 910CPR's Office,Book This Class,https://coastalcprtraining.enrollware.com/enroll?id=12775319,existing_enrollware_class,12775319,12775319,,,,,high,Visible row session ID matches latest Class Report.
/bls.html,AHA BLS Provider (Renewal),aha_bls,2026-07-13,9:15 AM,NC - Wilmington: 4018 Shipyard Blvd; Room B @ 910CPR's Office,Book This Class,https://coastalcprtraining.enrollware.com/enroll?id=13652939,existing_enrollware_class,13652939,13652939,,,,,high,Visible row session ID matches latest Class Report.
/bls.html,AHA BLS Provider (Renewal),aha_bls,2026-07-13,12:30 PM,NC - Wilmington: 4018 Shipyard Blvd; Room B @ 910CPR's Office,Book This Class,https://coastalcprtraining.enrollware.com/enroll?id=12775542,existing_enrollware_class,12775542,12775542,,,,,high,Visible row session ID matches latest Class Report.
/bls.html,AHA BLS Provider (Renewal),aha_bls,2026-07-13,6:15 PM,NC - Wilmington: 4018 Shipyard Blvd; Room B @ 910CPR's Office,Book This Class,https://coastalcprtraining.enrollware.com/enroll?id=12775309,existing_enrollware_class,12775309,12775309,,,,,high,Visible row session ID matches latest Class Report.
/bls.html,AHA BLS Provider (Renewal),aha_bls,2026-07-15,6:45 PM,NC - Wilmington: 4018 Shipyard Blvd; Room B @ 910CPR's Office,Book This Class,https://coastalcprtraining.enrollware.com/enroll?id=12775314,existing_enrollware_class,12775314,12775314,,,,,high,Visible row session ID matches latest Class Report.
/bls.html,AHA BLS Provider (Renewal),aha_bls,2026-07-16,9:15 AM,NC - Wilmington: 4018 Shipyard Blvd; Room B @ 910CPR's Office,Book This Class,https://coastalcprtraining.enrollware.com/enroll?id=13652943,existing_enrollware_class,13652943,13652943,,,,,high,Visible row session ID matches latest Class Report.
/bls.html,AHA BLS Provider (Renewal),aha_bls,2026-07-17,12:30 PM,NC - Wilmington: 4018 Shipyard Blvd; Room B @ 910CPR's Office,Book This Class,https://coastalcprtraining.enrollware.com/enroll?id=12775552,existing_enrollware_class,12775552,12775552,,,,,high,Visible row session ID matches latest Class Report.
/bls.html,AHA BLS Provider (Renewal),aha_bls,2026-07-17,6:15 PM,NC - Wilmington: 4018 Shipyard Blvd; Room B @ 910CPR's Office,Book This Class,https://coastalcprtraining.enrollware.com/enroll?id=12775321,existing_enrollware_class,12775321,12775321,,,,,high,Visible row session ID matches latest Class Report.
/bls.html,AHA BLS Provider (Renewal),aha_bls,2026-07-18,12:30 PM,NC - Wilmington: 4018 Shipyard Blvd; Room B @ 910CPR's Office,Book This Class,https://coastalcprtraining.enrollware.com/enroll?id=12775557,existing_enrollware_class,12775557,12775557,,,,,high,Visible row session ID matches latest Class Report.
/bls.html,AHA BLS Provider (Renewal),aha_bls,2026-07-18,6:15 PM,NC - Wilmington: 4018 Shipyard Blvd; Room B @ 910CPR's Office,Book This Class,https://coastalcprtraining.enrollware.com/enroll?id=12775322,existing_enrollware_class,12775322,12775322,,,,,high,Visible row session ID matches latest Class Report.
/bls.html,AHA BLS Provider (Renewal),aha_bls,2026-07-20,9:15 AM,NC - Wilmington: 4018 Shipyard Blvd; Room B @ 910CPR's Office,Book This Class,https://coastalcprtraining.enrollware.com/enroll?id=13652940,existing_enrollware_class,13652940,13652940,,,,,high,Visible row session ID matches latest Class Report.
/bls.html,AHA BLS Provider (Renewal),aha_bls,2026-07-20,12:30 PM,NC - Wilmington: 4018 Shipyard Blvd; Room B @ 910CPR's Office,Book This Class,https://coastalcprtraining.enrollware.com/enroll?id=12775543,existing_enrollware_class,12775543,12775543,,,,,high,Visible row session ID matches latest Class Report.
/bls.html,AHA BLS Provider (Renewal),aha_bls,2026-07-21,12:30 PM,NC - Wilmington: 4018 Shipyard Blvd; Room B @ 910CPR's Office,Book This Class,https://coastalcprtraining.enrollware.com/enroll?id=13623263,existing_enrollware_class,13623263,13623263,,,,,high,Visible row session ID matches latest Class Report.
/bls.html,AHA BLS Provider (Renewal),aha_bls,2026-07-22,6:45 PM,NC - Wilmington: 4018 Shipyard Blvd; Room B @ 910CPR's Office,Book This Class,https://coastalcprtraining.enrollware.com/enroll?id=12775315,existing_enrollware_class,12775315,12775315,,,,,high,Visible row session ID matches latest Class Report.
/bls.html,AHA BLS Provider (Renewal),aha_bls,2026-07-23,9:15 AM,NC - Wilmington: 4018 Shipyard Blvd; Room B @ 910CPR's Office,Book This Class,https://coastalcprtraining.enrollware.com/enroll?id=13652945,existing_enrollware_class,13652945,13652945,,,,,high,Visible row session ID matches latest Class Report.
/bls.html,AHA BLS Provider (Renewal),aha_bls,2026-07-24,12:30 PM,NC - Wilmington: 4018 Shipyard Blvd; Room B @ 910CPR's Office,Book This Class,https://coastalcprtraining.enrollware.com/enroll?id=12775553,existing_enrollware_class,12775553,12775553,,,,,high,Visible row session ID matches latest Class Report.
/bls.html,AHA BLS Provider (Renewal),aha_bls,2026-07-24,6:15 PM,NC - Wilmington: 4018 Shipyard Blvd; Room B @ 910CPR's Office,Book This Class,https://coastalcprtraining.enrollware.com/enroll?id=12775324,existing_enrollware_class,12775324,12775324,,,,,high,Visible row session ID matches latest Class Report.
/bls.html,AHA BLS Provider (Renewal),aha_bls,2026-07-25,12:30 PM,NC - Wilmington: 4018 Shipyard Blvd; Room B @ 910CPR's Office,Book This Class,https://coastalcprtraining.enrollware.com/enroll?id=12775558,existing_enrollware_class,12775558,12775558,,,,,high,Visible row session ID matches latest Class Report.
/bls.html,AHA BLS Provider (Renewal),aha_bls,2026-07-25,6:15 PM,NC - Wilmington: 4018 Shipyard Blvd; Room B @ 910CPR's Office,Book This Class,https://coastalcprtraining.enrollware.com/enroll?id=12775323,existing_enrollware_class,12775323,12775323,,,,,high,Visible row session ID matches latest Class Report.
/bls.html,AHA BLS Provider (Renewal),aha_bls,2026-07-27,9:15 AM,NC - Wilmington: 4018 Shipyard Blvd; Room B @ 910CPR's Office,Book This Class,https://coastalcprtraining.enrollware.com/enroll?id=13652941,existing_enrollware_class,13652941,13652941,,,,,high,Visible row session ID matches latest Class Report.
/bls.html,AHA BLS Provider (Renewal),aha_bls,2026-07-27,12:30 PM,NC - Wilmington: 4018 Shipyard Blvd; Room B @ 910CPR's Office,Book This Class,https://coastalcprtraining.enrollware.com/enroll?id=12775544,existing_enrollware_class,12775544,12775544,,,,,high,Visible row session ID matches latest Class Report.
/bls.html,AHA BLS Provider (Renewal),aha_bls,2026-07-27,6:15 PM,NC - Wilmington: 4018 Shipyard Blvd; Room B @ 910CPR's Office,Book This Class,https://coastalcprtraining.enrollware.com/enroll?id=12775311,existing_enrollware_class,12775311,12775311,,,,,high,Visible row session ID matches latest Class Report.
/bls.html,AHA BLS Provider (Renewal),aha_bls,2026-07-29,6:45 PM,NC - Wilmington: 4018 Shipyard Blvd; Room B @ 910CPR's Office,Book This Class,https://coastalcprtraining.enrollware.com/enroll?id=12775316,existing_enrollware_class,12775316,12775316,,,,,high,Visible row session ID matches latest Class Report.
/bls.html,AHA BLS Provider (Renewal),aha_bls,2026-07-30,9:15 AM,NC - Wilmington: 4018 Shipyard Blvd; Room B @ 910CPR's Office,Book This Class,https://coastalcprtraining.enrollware.com/enroll?id=13652946,existing_enrollware_class,13652946,13652946,,,,,high,Visible row session ID matches latest Class Report.
/bls.html,AHA BLS Provider (Renewal),aha_bls,2026-07-31,12:30 PM,NC - Wilmington: 4018 Shipyard Blvd; Room B @ 910CPR's Office,Book This Class,https://coastalcprtraining.enrollware.com/enroll?id=12775554,existing_enrollware_class,12775554,12775554,,,,,high,Visible row session ID matches latest Class Report.
/bls.html,AHA BLS Provider (Renewal),aha_bls,2026-07-31,6:15 PM,NC - Wilmington: 4018 Shipyard Blvd; Room B @ 910CPR's Office,Book This Class,https://coastalcprtraining.enrollware.com/enroll?id=12775325,existing_enrollware_class,12775325,12775325,,,,,high,Visible row session ID matches latest Class Report.
/bls.html,AHA BLS Provider (Renewal),aha_bls,2026-08-10,9:00 AM,,Book This Class,https://coastalcprtraining.enrollware.com/enroll?id=12946259,existing_enrollware_class,12946259,12946259,,,,,high,Visible row session ID matches latest Class Report.
/bls.html,AHA BLS HeartCode�,aha_bls,2026-06-30,8:30 AM,NC - Wilmington: 4018 Shipyard Blvd; Room B @ 910CPR's Office,Book This Class,https://coastalcprtraining.enrollware.com/enroll?id=12776274,existing_enrollware_class,12776274,12776274,,,,,high,Visible row session ID matches latest Class Report.
/bls.html,AHA BLS HeartCode�,aha_bls,2026-06-30,11:45 AM,NC - Wilmington: 4018 Shipyard Blvd; Room B @ 910CPR's Office,Book This Class,https://coastalcprtraining.enrollware.com/enroll?id=12776420,existing_enrollware_class,12776420,12776420,,,,,high,Visible row session ID matches latest Class Report.
/bls.html,AHA BLS HeartCode�,aha_bls,2026-07-02,11:45 AM,NC - Wilmington: 4018 Shipyard Blvd; Room B @ 910CPR's Office,Book This Class,https://coastalcprtraining.enrollware.com/enroll?id=12776433,existing_enrollware_class,12776433,12776433,,,,,high,Visible row session ID matches latest Class Report.
/bls.html,AHA BLS HeartCode�,aha_bls,2026-07-02,5:30 PM,NC - Wilmington: 4018 Shipyard Blvd; Room B @ 910CPR's Office,Book This Class,https://coastalcprtraining.enrollware.com/enroll?id=12776567,existing_enrollware_class,12776567,12776567,,,,,high,Visible row session ID matches latest Class Report.
/bls.html,AHA BLS HeartCode�,aha_bls,2026-07-03,8:30 AM,NC - Wilmington: 4018 Shipyard Blvd; Room B @ 910CPR's Office,Book This Class,https://coastalcprtraining.enrollware.com/enroll?id=12776340,existing_enrollware_class,12776340,12776340,,,,,high,Visible row session ID matches latest Class Report.
/bls.html,AHA BLS HeartCode�,aha_bls,2026-07-04,11:45 AM,NC - Wilmington: 4018 Shipyard Blvd; Room B @ 910CPR's Office,Book This Class,https://coastalcprtraining.enrollware.com/enroll?id=12776438,existing_enrollware_class,12776438,12776438,,,,,high,Visible row session ID matches latest Class Report.
/bls.html,AHA BLS HeartCode�,aha_bls,2026-07-07,8:30 AM,NC - Wilmington: 4018 Shipyard Blvd; Room B @ 910CPR's Office,Book This Class,https://coastalcprtraining.enrollware.com/enroll?id=12776266,existing_enrollware_class,12776266,12776266,,,,,high,Visible row session ID matches latest Class Report.
/bls.html,AHA BLS HeartCode�,aha_bls,2026-07-07,11:45 AM,NC - Wilmington: 4018 Shipyard Blvd; Room B @ 910CPR's Office,Book This Class,https://coastalcprtraining.enrollware.com/enroll?id=12776429,existing_enrollware_class,12776429,12776429,,,,,high,Visible row session ID matches latest Class Report.
/bls.html,AHA BLS HeartCode�,aha_bls,2026-07-07,5:30 PM,NC - Wilmington: 4018 Shipyard Blvd; Room B @ 910CPR's Office,Book This Class,https://coastalcprtraining.enrollware.com/enroll?id=12776563,existing_enrollware_class,12776563,12776563,,,,,high,Visible row session ID matches latest Class Report.
/bls.html,AHA BLS HeartCode�,aha_bls,2026-07-09,11:45 AM,NC - Wilmington: 4018 Shipyard Blvd; Room B @ 910CPR's Office,Book This Class,https://coastalcprtraining.enrollware.com/enroll?id=12776434,existing_enrollware_class,12776434,12776434,,,,,high,Visible row session ID matches latest Class Report.
/bls.html,AHA BLS HeartCode�,aha_bls,2026-07-09,5:30 PM,NC - Wilmington: 4018 Shipyard Blvd; Room B @ 910CPR's Office,Book This Class,https://coastalcprtraining.enrollware.com/enroll?id=12776568,existing_enrollware_class,12776568,12776568,,,,,high,Visible row session ID matches latest Class Report.
/bls.html,AHA BLS HeartCode�,aha_bls,2026-07-10,8:30 AM,NC - Wilmington: 4018 Shipyard Blvd; Room B @ 910CPR's Office,Book This Class,https://coastalcprtraining.enrollware.com/enroll?id=12776342,existing_enrollware_class,12776342,12776342,,,,,high,Visible row session ID matches latest Class Report.
/bls.html,AHA BLS HeartCode�,aha_bls,2026-07-11,11:45 AM,NC - Wilmington: 4018 Shipyard Blvd; Room B @ 910CPR's Office,Book This Class,https://coastalcprtraining.enrollware.com/enroll?id=12776439,existing_enrollware_class,12776439,12776439,,,,,high,Visible row session ID matches latest Class Report.
/bls.html,AHA BLS HeartCode�,aha_bls,2026-07-14,11:45 AM,NC - Wilmington: 4018 Shipyard Blvd; Room B @ 910CPR's Office,Book This Class,https://coastalcprtraining.enrollware.com/enroll?id=12776430,existing_enrollware_class,12776430,12776430,,,,,high,Visible row session ID matches latest Class Report.
/bls.html,AHA BLS HeartCode�,aha_bls,2026-07-14,5:30 PM,NC - Wilmington: 4018 Shipyard Blvd; Room B @ 910CPR's Office,Book This Class,https://coastalcprtraining.enrollware.com/enroll?id=12776564,existing_enrollware_class,12776564,12776564,,,,,high,Visible row session ID matches latest Class Report.
/bls.html,AHA BLS HeartCode�,aha_bls,2026-07-16,11:45 AM,NC - Wilmington: 4018 Shipyard Blvd; Room B @ 910CPR's Office,Book This Class,https://coastalcprtraining.enrollware.com/enroll?id=12776435,existing_enrollware_class,12776435,12776435,,,,,high,Visible row session ID matches latest Class Report.
/bls.html,AHA BLS HeartCode�,aha_bls,2026-07-16,5:30 PM,NC - Wilmington: 4018 Shipyard Blvd; Room B @ 910CPR's Office,Book This Class,https://coastalcprtraining.enrollware.com/enroll?id=12776569,existing_enrollware_class,12776569,12776569,,,,,high,Visible row session ID matches latest Class Report.
/bls.html,AHA BLS HeartCode�,aha_bls,2026-07-17,8:30 AM,NC - Wilmington: 4018 Shipyard Blvd; Room B @ 910CPR's Office,Book This Class,https://coastalcprtraining.enrollware.com/enroll?id=12776341,existing_enrollware_class,12776341,12776341,,,,,high,Visible row session ID matches latest Class Report.
/bls.html,AHA BLS HeartCode�,aha_bls,2026-07-18,11:45 AM,NC - Wilmington: 4018 Shipyard Blvd; Room B @ 910CPR's Office,Book This Class,https://coastalcprtraining.enrollware.com/enroll?id=12776440,existing_enrollware_class,12776440,12776440,,,,,high,Visible row session ID matches latest Class Report.
/bls.html,AHA BLS HeartCode�,aha_bls,2026-07-23,11:45 AM,NC - Wilmington: 4018 Shipyard Blvd; Room B @ 910CPR's Office,Book This Class,https://coastalcprtraining.enrollware.com/enroll?id=12776436,existing_enrollware_class,12776436,12776436,,,,,high,Visible row session ID matches latest Class Report.
/bls.html,AHA BLS HeartCode�,aha_bls,2026-07-23,5:30 PM,NC - Wilmington: 4018 Shipyard Blvd; Room B @ 910CPR's Office,Book This Class,https://coastalcprtraining.enrollware.com/enroll?id=12776570,existing_enrollware_class,12776570,12776570,,,,,high,Visible row session ID matches latest Class Report.
/bls.html,AHA BLS HeartCode�,aha_bls,2026-07-24,8:30 AM,NC - Wilmington: 4018 Shipyard Blvd; Room B @ 910CPR's Office,Book This Class,https://coastalcprtraining.enrollware.com/enroll?id=12776343,existing_enrollware_class,12776343,12776343,,,,,high,Visible row session ID matches latest Class Report.
/bls.html,AHA BLS HeartCode�,aha_bls,2026-07-25,11:45 AM,NC - Wilmington: 4018 Shipyard Blvd; Room B @ 910CPR's Office,Book This Class,https://coastalcprtraining.enrollware.com/enroll?id=12776441,existing_enrollware_class,12776441,12776441,,,,,high,Visible row session ID matches latest Class Report.
/bls.html,AHA BLS HeartCode�,aha_bls,2026-07-28,8:30 AM,NC - Wilmington: 4018 Shipyard Blvd; Room B @ 910CPR's Office,Book This Class,https://coastalcprtraining.enrollware.com/enroll?id=12776269,existing_enrollware_class,12776269,12776269,,,,,high,Visible row session ID matches latest Class Report.
/bls.html,AHA BLS HeartCode�,aha_bls,2026-07-28,11:45 AM,NC - Wilmington: 4018 Shipyard Blvd; Room B @ 910CPR's Office,Book This Class,https://coastalcprtraining.enrollware.com/enroll?id=12776432,existing_enrollware_class,12776432,12776432,,,,,high,Visible row session ID matches latest Class Report.
/bls.html,AHA BLS HeartCode�,aha_bls,2026-07-30,11:45 AM,NC - Wilmington: 4018 Shipyard Blvd; Room B @ 910CPR's Office,Book This Class,https://coastalcprtraining.enrollware.com/enroll?id=12776437,existing_enrollware_class,12776437,12776437,,,,,high,Visible row session ID matches latest Class Report.
/bls.html,AHA BLS HeartCode�,aha_bls,2026-07-30,5:30 PM,NC - Wilmington: 4018 Shipyard Blvd; Room B @ 910CPR's Office,Book This Class,https://coastalcprtraining.enrollware.com/enroll?id=12776571,existing_enrollware_class,12776571,12776571,,,,,high,Visible row session ID matches latest Class Report.
/bls.html,AHA BLS HeartCode�,aha_bls,2026-07-31,8:30 AM,NC - Wilmington: 4018 Shipyard Blvd; Room B @ 910CPR's Office,Book This Class,https://coastalcprtraining.enrollware.com/enroll?id=12776344,existing_enrollware_class,12776344,12776344,,,,,high,Visible row session ID matches latest Class Report.
/acls.html,AHA ACLS Provider (Initial),aha_acls,2026-07-01,2:00 PM,NC - Wilmington: 4018 Shipyard Blvd; Room B @ 910CPR's Office,Book This Class,https://coastalcprtraining.enrollware.com/enroll?id=13673156,existing_enrollware_class,13673156,13673156,,,,,high,Visible row session ID matches latest Class Report.
/acls.html,AHA ACLS Provider (Initial),aha_acls,2026-07-06,2:00 PM,NC - Wilmington: 4018 Shipyard Blvd; Room B @ 910CPR's Office,Book This Class,https://coastalcprtraining.enrollware.com/enroll?id=13673157,existing_enrollware_class,13673157,13673157,,,,,high,Visible row session ID matches latest Class Report.
/acls.html,AHA ACLS Provider (Initial),aha_acls,2026-07-10,2:00 PM,NC - Wilmington: 4018 Shipyard Blvd; Room B @ 910CPR's Office,Book This Class,https://coastalcprtraining.enrollware.com/enroll?id=13673158,existing_enrollware_class,13673158,13673158,,,,,high,Visible row session ID matches latest Class Report.
/acls.html,AHA ACLS Provider (Initial),aha_acls,2026-07-15,2:00 PM,NC - Wilmington: 4018 Shipyard Blvd; Room B @ 910CPR's Office,Book This Class,https://coastalcprtraining.enrollware.com/enroll?id=13673159,existing_enrollware_class,13673159,13673159,,,,,high,Visible row session ID matches latest Class Report.
/acls.html,AHA ACLS Provider (Initial),aha_acls,2026-07-16,2:00 PM,NC - Wilmington: 4018 Shipyard Blvd; Room B @ 910CPR's Office,Book This Class,https://coastalcprtraining.enrollware.com/enroll?id=13673160,existing_enrollware_class,13673160,13673160,,,,,high,Visible row session ID matches latest Class Report.
/acls.html,AHA ACLS Provider (Initial),aha_acls,2026-07-20,2:00 PM,NC - Wilmington: 4018 Shipyard Blvd; Room B @ 910CPR's Office,Book This Class,https://coastalcprtraining.enrollware.com/enroll?id=13673161,existing_enrollware_class,13673161,13673161,,,,,high,Visible row session ID matches latest Class Report.
/acls.html,AHA ACLS Provider (Initial),aha_acls,2026-07-21,2:00 PM,NC - Wilmington: 4018 Shipyard Blvd; Room B @ 910CPR's Office,Book This Class,https://coastalcprtraining.enrollware.com/enroll?id=13673162,existing_enrollware_class,13673162,13673162,,,,,high,Visible row session ID matches latest Class Report.
/acls.html,AHA ACLS Provider (Initial),aha_acls,2026-07-24,2:00 PM,NC - Wilmington: 4018 Shipyard Blvd; Room B @ 910CPR's Office,Book This Class,https://coastalcprtraining.enrollware.com/enroll?id=13673163,existing_enrollware_class,13673163,13673163,,,,,high,Visible row session ID matches latest Class Report.
/acls.html,AHA ACLS Provider (Initial),aha_acls,2026-07-29,2:00 PM,NC - Wilmington: 4018 Shipyard Blvd; Room B @ 910CPR's Office,Book This Class,https://coastalcprtraining.enrollware.com/enroll?id=13673164,existing_enrollware_class,13673164,13673164,,,,,high,Visible row session ID matches latest Class Report.
/acls.html,AHA ACLS Provider (Initial),aha_acls,2026-07-30,2:00 PM,NC - Wilmington: 4018 Shipyard Blvd; Room B @ 910CPR's Office,Book This Class,https://coastalcprtraining.enrollware.com/enroll?id=13673165,existing_enrollware_class,13673165,13673165,,,,,high,Visible row session ID matches latest Class Report.
/acls.html,AHA ACLS Provider (Renewal),aha_acls,2026-07-01,2:00 PM,NC - Wilmington: 4018 Shipyard Blvd; Room B @ 910CPR's Office,Book This Class,https://coastalcprtraining.enrollware.com/enroll?id=13673166,existing_enrollware_class,13673166,13673166,,,,,high,Visible row session ID matches latest Class Report.
/acls.html,AHA ACLS Provider (Renewal),aha_acls,2026-07-06,2:00 PM,NC - Wilmington: 4018 Shipyard Blvd; Room B @ 910CPR's Office,Book This Class,https://coastalcprtraining.enrollware.com/enroll?id=13673167,existing_enrollware_class,13673167,13673167,,,,,high,Visible row session ID matches latest Class Report.
/acls.html,AHA ACLS Provider (Renewal),aha_acls,2026-07-10,2:00 PM,NC - Wilmington: 4018 Shipyard Blvd; Room B @ 910CPR's Office,Book This Class,https://coastalcprtraining.enrollware.com/enroll?id=13673168,existing_enrollware_class,13673168,13673168,,,,,high,Visible row session ID matches latest Class Report.
/acls.html,AHA ACLS Provider (Renewal),aha_acls,2026-07-15,2:00 PM,NC - Wilmington: 4018 Shipyard Blvd; Room B @ 910CPR's Office,Book This Class,https://coastalcprtraining.enrollware.com/enroll?id=13673169,existing_enrollware_class,13673169,13673169,,,,,high,Visible row session ID matches latest Class Report.
/acls.html,AHA ACLS Provider (Renewal),aha_acls,2026-07-16,2:00 PM,NC - Wilmington: 4018 Shipyard Blvd; Room B @ 910CPR's Office,Book This Class,https://coastalcprtraining.enrollware.com/enroll?id=13673170,existing_enrollware_class,13673170,13673170,,,,,high,Visible row session ID matches latest Class Report.
/acls.html,AHA ACLS Provider (Renewal),aha_acls,2026-07-20,2:00 PM,NC - Wilmington: 4018 Shipyard Blvd; Room B @ 910CPR's Office,Book This Class,https://coastalcprtraining.enrollware.com/enroll?id=13673171,existing_enrollware_class,13673171,13673171,,,,,high,Visible row session ID matches latest Class Report.
/acls.html,AHA ACLS Provider (Renewal),aha_acls,2026-07-21,2:00 PM,NC - Wilmington: 4018 Shipyard Blvd; Room B @ 910CPR's Office,Book This Class,https://coastalcprtraining.enrollware.com/enroll?id=13673172,existing_enrollware_class,13673172,13673172,,,,,high,Visible row session ID matches latest Class Report.
/acls.html,AHA ACLS Provider (Renewal),aha_acls,2026-07-24,2:00 PM,NC - Wilmington: 4018 Shipyard Blvd; Room B @ 910CPR's Office,Book This Class,https://coastalcprtraining.enrollware.com/enroll?id=13673173,existing_enrollware_class,13673173,13673173,,,,,high,Visible row session ID matches latest Class Report.
/acls.html,AHA ACLS Provider (Renewal),aha_acls,2026-07-29,2:00 PM,NC - Wilmington: 4018 Shipyard Blvd; Room B @ 910CPR's Office,Book This Class,https://coastalcprtraining.enrollware.com/enroll?id=13673174,existing_enrollware_class,13673174,13673174,,,,,high,Visible row session ID matches latest Class Report.
/acls.html,AHA ACLS Provider (Renewal),aha_acls,2026-07-30,2:00 PM,NC - Wilmington: 4018 Shipyard Blvd; Room B @ 910CPR's Office,Book This Class,https://coastalcprtraining.enrollware.com/enroll?id=13673175,existing_enrollware_class,13673175,13673175,,,,,high,Visible row session ID matches latest Class Report.
/acls.html,AHA ACLS Provider (Renewal),aha_acls,2026-08-10,11:30 AM,,Book This Class,https://coastalcprtraining.enrollware.com/enroll?id=12946261,existing_enrollware_class,12946261,12946261,,,,,high,Visible row session ID matches latest Class Report.
/acls.html,AHA ACLS HeartCode,aha_acls,2026-06-29,8:30 AM,NC - Wilmington: 4018 Shipyard Blvd; Room B @ 910CPR's Office,Book This Class,https://coastalcprtraining.enrollware.com/enroll?id=12774032,existing_enrollware_class,12774032,12774032,,,,,high,Visible row session ID matches latest Class Report.
/acls.html,AHA ACLS HeartCode,aha_acls,2026-07-04,8:30 AM,NC - Wilmington: 4018 Shipyard Blvd; Room B @ 910CPR's Office,Book This Class,https://coastalcprtraining.enrollware.com/enroll?id=12774085,existing_enrollware_class,12774085,12774085,,,,,high,Visible row session ID matches latest Class Report.
/acls.html,AHA ACLS HeartCode,aha_acls,2026-07-06,8:30 AM,NC - Wilmington: 4018 Shipyard Blvd; Room B @ 910CPR's Office,Book This Class,https://coastalcprtraining.enrollware.com/enroll?id=12774094,existing_enrollware_class,12774094,12774094,,,,,high,Visible row session ID matches latest Class Report.
/acls.html,AHA ACLS HeartCode,aha_acls,2026-07-11,8:30 AM,NC - Wilmington: 4018 Shipyard Blvd; Room B @ 910CPR's Office,Book This Class,https://coastalcprtraining.enrollware.com/enroll?id=12774086,existing_enrollware_class,12774086,12774086,,,,,high,Visible row session ID matches latest Class Report.
/acls.html,AHA ACLS HeartCode,aha_acls,2026-07-13,8:30 AM,NC - Wilmington: 4018 Shipyard Blvd; Room B @ 910CPR's Office,Book This Class,https://coastalcprtraining.enrollware.com/enroll?id=12774095,existing_enrollware_class,12774095,12774095,,,,,high,Visible row session ID matches latest Class Report.
/acls.html,AHA ACLS HeartCode,aha_acls,2026-07-18,8:30 AM,NC - Wilmington: 4018 Shipyard Blvd; Room B @ 910CPR's Office,Book This Class,https://coastalcprtraining.enrollware.com/enroll?id=12774087,existing_enrollware_class,12774087,12774087,,,,,high,Visible row session ID matches latest Class Report.
/acls.html,AHA ACLS HeartCode,aha_acls,2026-07-20,8:30 AM,NC - Wilmington: 4018 Shipyard Blvd; Room B @ 910CPR's Office,Book This Class,https://coastalcprtraining.enrollware.com/enroll?id=12774096,existing_enrollware_class,12774096,12774096,,,,,high,Visible row session ID matches latest Class Report.
/acls.html,AHA ACLS HeartCode,aha_acls,2026-07-25,8:30 AM,NC - Wilmington: 4018 Shipyard Blvd; Room B @ 910CPR's Office,Book This Class,https://coastalcprtraining.enrollware.com/enroll?id=12774088,existing_enrollware_class,12774088,12774088,,,,,high,Visible row session ID matches latest Class Report.
/acls.html,AHA ACLS HeartCode,aha_acls,2026-07-27,8:30 AM,NC - Wilmington: 4018 Shipyard Blvd; Room B @ 910CPR's Office,Book This Class,https://coastalcprtraining.enrollware.com/enroll?id=12774097,existing_enrollware_class,12774097,12774097,,,,,high,Visible row session ID matches latest Class Report.
/pals.html,AHA PALS Provider,aha_pals,2026-07-01,2:00 PM,NC - Wilmington: 4018 Shipyard Blvd; Room B @ 910CPR's Office,Book This Class,https://coastalcprtraining.enrollware.com/enroll?id=13673176,existing_enrollware_class,13673176,13673176,,,,,high,Visible row session ID matches latest Class Report.
/pals.html,AHA PALS Provider,aha_pals,2026-07-06,2:00 PM,NC - Wilmington: 4018 Shipyard Blvd; Room B @ 910CPR's Office,Book This Class,https://coastalcprtraining.enrollware.com/enroll?id=13673177,existing_enrollware_class,13673177,13673177,,,,,high,Visible row session ID matches latest Class Report.
/pals.html,AHA PALS Provider,aha_pals,2026-07-10,2:00 PM,NC - Wilmington: 4018 Shipyard Blvd; Room B @ 910CPR's Office,Book This Class,https://coastalcprtraining.enrollware.com/enroll?id=13673178,existing_enrollware_class,13673178,13673178,,,,,high,Visible row session ID matches latest Class Report.
/pals.html,AHA PALS Provider,aha_pals,2026-07-15,2:00 PM,NC - Wilmington: 4018 Shipyard Blvd; Room B @ 910CPR's Office,Book This Class,https://coastalcprtraining.enrollware.com/enroll?id=13673179,existing_enrollware_class,13673179,13673179,,,,,high,Visible row session ID matches latest Class Report.
/pals.html,AHA PALS Provider,aha_pals,2026-07-16,2:00 PM,NC - Wilmington: 4018 Shipyard Blvd; Room B @ 910CPR's Office,Book This Class,https://coastalcprtraining.enrollware.com/enroll?id=13673180,existing_enrollware_class,13673180,13673180,,,,,high,Visible row session ID matches latest Class Report.
/pals.html,AHA PALS Provider,aha_pals,2026-07-20,2:00 PM,NC - Wilmington: 4018 Shipyard Blvd; Room B @ 910CPR's Office,Book This Class,https://coastalcprtraining.enrollware.com/enroll?id=13673181,existing_enrollware_class,13673181,13673181,,,,,high,Visible row session ID matches latest Class Report.
/pals.html,AHA PALS Provider,aha_pals,2026-07-21,2:00 PM,NC - Wilmington: 4018 Shipyard Blvd; Room B @ 910CPR's Office,Book This Class,https://coastalcprtraining.enrollware.com/enroll?id=13673182,existing_enrollware_class,13673182,13673182,,,,,high,Visible row session ID matches latest Class Report.
/pals.html,AHA PALS Provider,aha_pals,2026-07-24,2:00 PM,NC - Wilmington: 4018 Shipyard Blvd; Room B @ 910CPR's Office,Book This Class,https://coastalcprtraining.enrollware.com/enroll?id=13673185,existing_enrollware_class,13673185,13673185,,,,,high,Visible row session ID matches latest Class Report.
/pals.html,AHA PALS Provider,aha_pals,2026-07-29,2:00 PM,NC - Wilmington: 4018 Shipyard Blvd; Room B @ 910CPR's Office,Book This Class,https://coastalcprtraining.enrollware.com/enroll?id=13673183,existing_enrollware_class,13673183,13673183,,,,,high,Visible row session ID matches latest Class Report.
/pals.html,AHA PALS Provider,aha_pals,2026-07-30,2:00 PM,NC - Wilmington: 4018 Shipyard Blvd; Room B @ 910CPR's Office,Book This Class,https://coastalcprtraining.enrollware.com/enroll?id=13673184,existing_enrollware_class,13673184,13673184,,,,,high,Visible row session ID matches latest Class Report.
/pals.html,AHA - PALS Instructor Renewal,aha_pals,2026-07-01,12:00 AM,NC - Wilmington: 4018 Shipyard Blvd; Room B @ 910CPR's Office,Book This Class,https://coastalcprtraining.enrollware.com/enroll?id=10009277,existing_enrollware_class,10009277,10009277,,,,,high,Visible row session ID matches latest Class Report.
/pals.html,AHA PALS Renewal,aha_pals,2026-07-01,2:00 PM,NC - Wilmington: 4018 Shipyard Blvd; Room B @ 910CPR's Office,Book This Class,https://coastalcprtraining.enrollware.com/enroll?id=13673186,existing_enrollware_class,13673186,13673186,,,,,high,Visible row session ID matches latest Class Report.
/pals.html,AHA PALS Renewal,aha_pals,2026-07-06,2:00 PM,NC - Wilmington: 4018 Shipyard Blvd; Room B @ 910CPR's Office,Book This Class,https://coastalcprtraining.enrollware.com/enroll?id=13673187,existing_enrollware_class,13673187,13673187,,,,,high,Visible row session ID matches latest Class Report.
/pals.html,AHA PALS Renewal,aha_pals,2026-07-10,2:00 PM,NC - Wilmington: 4018 Shipyard Blvd; Room B @ 910CPR's Office,Book This Class,https://coastalcprtraining.enrollware.com/enroll?id=13673188,existing_enrollware_class,13673188,13673188,,,,,high,Visible row session ID matches latest Class Report.
/pals.html,AHA PALS Renewal,aha_pals,2026-07-15,2:00 PM,NC - Wilmington: 4018 Shipyard Blvd; Room B @ 910CPR's Office,Book This Class,https://coastalcprtraining.enrollware.com/enroll?id=13673189,existing_enrollware_class,13673189,13673189,,,,,high,Visible row session ID matches latest Class Report.
/pals.html,AHA PALS Renewal,aha_pals,2026-07-16,2:00 PM,NC - Wilmington: 4018 Shipyard Blvd; Room B @ 910CPR's Office,Book This Class,https://coastalcprtraining.enrollware.com/enroll?id=13673190,existing_enrollware_class,13673190,13673190,,,,,high,Visible row session ID matches latest Class Report.
/pals.html,AHA PALS Renewal,aha_pals,2026-07-20,2:00 PM,NC - Wilmington: 4018 Shipyard Blvd; Room B @ 910CPR's Office,Book This Class,https://coastalcprtraining.enrollware.com/enroll?id=13673191,existing_enrollware_class,13673191,13673191,,,,,high,Visible row session ID matches latest Class Report.
/pals.html,AHA PALS Renewal,aha_pals,2026-07-21,2:00 PM,NC - Wilmington: 4018 Shipyard Blvd; Room B @ 910CPR's Office,Book This Class,https://coastalcprtraining.enrollware.com/enroll?id=13673192,existing_enrollware_class,13673192,13673192,,,,,high,Visible row session ID matches latest Class Report.
/pals.html,AHA PALS Renewal,aha_pals,2026-07-24,2:00 PM,NC - Wilmington: 4018 Shipyard Blvd; Room B @ 910CPR's Office,Book This Class,https://coastalcprtraining.enrollware.com/enroll?id=13673193,existing_enrollware_class,13673193,13673193,,,,,high,Visible row session ID matches latest Class Report.
/pals.html,AHA PALS Renewal,aha_pals,2026-07-29,2:00 PM,NC - Wilmington: 4018 Shipyard Blvd; Room B @ 910CPR's Office,Book This Class,https://coastalcprtraining.enrollware.com/enroll?id=13673194,existing_enrollware_class,13673194,13673194,,,,,high,Visible row session ID matches latest Class Report.
/pals.html,AHA PALS Renewal,aha_pals,2026-07-30,2:00 PM,NC - Wilmington: 4018 Shipyard Blvd; Room B @ 910CPR's Office,Book This Class,https://coastalcprtraining.enrollware.com/enroll?id=13673195,existing_enrollware_class,13673195,13673195,,,,,high,Visible row session ID matches latest Class Report.
/pals.html,AHA PALS Renewal,aha_pals,2026-08-10,2:00 PM,,Book This Class,https://coastalcprtraining.enrollware.com/enroll?id=12946272,existing_enrollware_class,12946272,12946272,,,,,high,Visible row session ID matches latest Class Report.
/courses/heartsaver-first-aid-cpr-aed.html,AHA Heartsaver� First Aid CPR AED,aha_heartsaver_first_aid_cpr_aed,2026-06-30,9:15 AM,NC - Wilmington: 4018 Shipyard Blvd; Room B @ 910CPR's Office,Book This Class,https://coastalcprtraining.enrollware.com/enroll?id=12775992,existing_enrollware_class,12775992,12775992,,,,,high,Visible row session ID matches latest Class Report.
/courses/heartsaver-first-aid-cpr-aed.html,AHA Heartsaver� First Aid CPR AED,aha_heartsaver_first_aid_cpr_aed,2026-07-02,6:15 PM,NC - Wilmington: 4018 Shipyard Blvd; Room B @ 910CPR's Office,Book This Class,https://coastalcprtraining.enrollware.com/enroll?id=12776783,existing_enrollware_class,12776783,12776783,,,,,high,Visible row session ID matches latest Class Report.
/courses/heartsaver-first-aid-cpr-aed.html,AHA Heartsaver� First Aid CPR AED,aha_heartsaver_first_aid_cpr_aed,2026-07-04,9:15 AM,NC - Wilmington: 4018 Shipyard Blvd; Room B @ 910CPR's Office,Book This Class,https://coastalcprtraining.enrollware.com/enroll?id=12775975,existing_enrollware_class,12775975,12775975,,,,,high,Visible row session ID matches latest Class Report.
/courses/heartsaver-first-aid-cpr-aed.html,AHA Heartsaver� First Aid CPR AED,aha_heartsaver_first_aid_cpr_aed,2026-07-07,9:15 AM,NC - Wilmington: 4018 Shipyard Blvd; Room B @ 910CPR's Office,Book This Class,https://coastalcprtraining.enrollware.com/enroll?id=12775984,existing_enrollware_class,12775984,12775984,,,,,high,Visible row session ID matches latest Class Report.
/courses/heartsaver-first-aid-cpr-aed.html,AHA Heartsaver� First Aid CPR AED,aha_heartsaver_first_aid_cpr_aed,2026-07-07,6:15 PM,NC - Wilmington: 4018 Shipyard Blvd; Room B @ 910CPR's Office,Book This Class,https://coastalcprtraining.enrollware.com/enroll?id=12776779,existing_enrollware_class,12776779,12776779,,,,,high,Visible row session ID matches latest Class Report.
/courses/heartsaver-first-aid-cpr-aed.html,AHA Heartsaver� First Aid CPR AED,aha_heartsaver_first_aid_cpr_aed,2026-07-09,6:15 PM,NC - Wilmington: 4018 Shipyard Blvd; Room B @ 910CPR's Office,Book This Class,https://coastalcprtraining.enrollware.com/enroll?id=12776785,existing_enrollware_class,12776785,12776785,,,,,high,Visible row session ID matches latest Class Report.
/courses/heartsaver-first-aid-cpr-aed.html,AHA Heartsaver� First Aid CPR AED,aha_heartsaver_first_aid_cpr_aed,2026-07-11,9:15 AM,NC - Wilmington: 4018 Shipyard Blvd; Room B @ 910CPR's Office,Book This Class,https://coastalcprtraining.enrollware.com/enroll?id=12775976,existing_enrollware_class,12775976,12775976,,,,,high,Visible row session ID matches latest Class Report.
/courses/heartsaver-first-aid-cpr-aed.html,AHA Heartsaver� First Aid CPR AED,aha_heartsaver_first_aid_cpr_aed,2026-07-14,9:15 AM,NC - Wilmington: 4018 Shipyard Blvd; Room B @ 910CPR's Office,Book This Class,https://coastalcprtraining.enrollware.com/enroll?id=12775985,existing_enrollware_class,12775985,12775985,,,,,high,Visible row session ID matches latest Class Report.
/courses/heartsaver-first-aid-cpr-aed.html,AHA Heartsaver� First Aid CPR AED,aha_heartsaver_first_aid_cpr_aed,2026-07-14,6:15 PM,NC - Wilmington: 4018 Shipyard Blvd; Room B @ 910CPR's Office,Book This Class,https://coastalcprtraining.enrollware.com/enroll?id=12776780,existing_enrollware_class,12776780,12776780,,,,,high,Visible row session ID matches latest Class Report.
/courses/heartsaver-first-aid-cpr-aed.html,AHA Heartsaver� First Aid CPR AED,aha_heartsaver_first_aid_cpr_aed,2026-07-16,6:15 PM,NC - Wilmington: 4018 Shipyard Blvd; Room B @ 910CPR's Office,Book This Class,https://coastalcprtraining.enrollware.com/enroll?id=12776784,existing_enrollware_class,12776784,12776784,,,,,high,Visible row session ID matches latest Class Report.
/courses/heartsaver-first-aid-cpr-aed.html,AHA Heartsaver� First Aid CPR AED,aha_heartsaver_first_aid_cpr_aed,2026-07-18,9:15 AM,NC - Wilmington: 4018 Shipyard Blvd; Room B @ 910CPR's Office,Book This Class,https://coastalcprtraining.enrollware.com/enroll?id=12775977,existing_enrollware_class,12775977,12775977,,,,,high,Visible row session ID matches latest Class Report.
/courses/heartsaver-first-aid-cpr-aed.html,AHA Heartsaver� First Aid CPR AED,aha_heartsaver_first_aid_cpr_aed,2026-07-23,6:15 PM,NC - Wilmington: 4018 Shipyard Blvd; Room B @ 910CPR's Office,Book This Class,https://coastalcprtraining.enrollware.com/enroll?id=12776786,existing_enrollware_class,12776786,12776786,,,,,high,Visible row session ID matches latest Class Report.
/courses/heartsaver-first-aid-cpr-aed.html,AHA Heartsaver� First Aid CPR AED,aha_heartsaver_first_aid_cpr_aed,2026-07-25,9:15 AM,NC - Wilmington: 4018 Shipyard Blvd; Room B @ 910CPR's Office,Book This Class,https://coastalcprtraining.enrollware.com/enroll?id=12775978,existing_enrollware_class,12775978,12775978,,,,,high,Visible row session ID matches latest Class Report.
/courses/heartsaver-first-aid-cpr-aed.html,AHA Heartsaver� First Aid CPR AED,aha_heartsaver_first_aid_cpr_aed,2026-07-28,9:15 AM,NC - Wilmington: 4018 Shipyard Blvd; Room B @ 910CPR's Office,Book This Class,https://coastalcprtraining.enrollware.com/enroll?id=12775987,existing_enrollware_class,12775987,12775987,,,,,high,Visible row session ID matches latest Class Report.
/courses/heartsaver-first-aid-cpr-aed.html,AHA Heartsaver� First Aid CPR AED,aha_heartsaver_first_aid_cpr_aed,2026-07-30,6:15 PM,NC - Wilmington: 4018 Shipyard Blvd; Room B @ 910CPR's Office,Book This Class,https://coastalcprtraining.enrollware.com/enroll?id=12776787,existing_enrollware_class,12776787,12776787,,,,,high,Visible row session ID matches latest Class Report.
/courses/heartsaver-first-aid-cpr-aed.html,AHA Heartsaver� First Aid CPR AED � Blended,aha_heartsaver_first_aid_cpr_aed,2026-06-29,11:45 AM,NC - Wilmington: 4018 Shipyard Blvd; Room B @ 910CPR's Office,Book This Class,https://coastalcprtraining.enrollware.com/enroll?id=12776143,existing_enrollware_class,12776143,12776143,,,,,high,Visible row session ID matches latest Class Report.
/courses/heartsaver-first-aid-cpr-aed.html,AHA Heartsaver� First Aid CPR AED � Blended,aha_heartsaver_first_aid_cpr_aed,2026-07-02,8:30 AM,NC - Wilmington: 4018 Shipyard Blvd; Room B @ 910CPR's Office,Book This Class,https://coastalcprtraining.enrollware.com/enroll?id=12776700,existing_enrollware_class,12776700,12776700,,,,,high,Visible row session ID matches latest Class Report.
/courses/heartsaver-first-aid-cpr-aed.html,AHA Heartsaver� First Aid CPR AED � Blended,aha_heartsaver_first_aid_cpr_aed,2026-07-03,11:45 AM,NC - Wilmington: 4018 Shipyard Blvd; Room B @ 910CPR's Office,Book This Class,https://coastalcprtraining.enrollware.com/enroll?id=12776161,existing_enrollware_class,12776161,12776161,,,,,high,Visible row session ID matches latest Class Report.
/courses/heartsaver-first-aid-cpr-aed.html,AHA Heartsaver� First Aid CPR AED � Blended,aha_heartsaver_first_aid_cpr_aed,2026-07-03,5:30 PM,NC - Wilmington: 4018 Shipyard Blvd; Room B @ 910CPR's Office,Book This Class,https://coastalcprtraining.enrollware.com/enroll?id=12775796,existing_enrollware_class,12775796,12775796,,,,,high,Visible row session ID matches latest Class Report.
/courses/heartsaver-first-aid-cpr-aed.html,AHA Heartsaver� First Aid CPR AED � Blended,aha_heartsaver_first_aid_cpr_aed,2026-07-04,5:30 PM,NC - Wilmington: 4018 Shipyard Blvd; Room B @ 910CPR's Office,Book This Class,https://coastalcprtraining.enrollware.com/enroll?id=12775795,existing_enrollware_class,12775795,12775795,,,,,high,Visible row session ID matches latest Class Report.
/courses/heartsaver-first-aid-cpr-aed.html,AHA Heartsaver� First Aid CPR AED � Blended,aha_heartsaver_first_aid_cpr_aed,2026-07-06,11:45 AM,NC - Wilmington: 4018 Shipyard Blvd; Room B @ 910CPR's Office,Book This Class,https://coastalcprtraining.enrollware.com/enroll?id=12776152,existing_enrollware_class,12776152,12776152,,,,,high,Visible row session ID matches latest Class Report.
/courses/heartsaver-first-aid-cpr-aed.html,AHA Heartsaver� First Aid CPR AED � Blended,aha_heartsaver_first_aid_cpr_aed,2026-07-06,5:30 PM,NC - Wilmington: 4018 Shipyard Blvd; Room B @ 910CPR's Office,Book This Class,https://coastalcprtraining.enrollware.com/enroll?id=12775786,existing_enrollware_class,12775786,12775786,,,,,high,Visible row session ID matches latest Class Report.
/courses/heartsaver-first-aid-cpr-aed.html,AHA Heartsaver� First Aid CPR AED � Blended,aha_heartsaver_first_aid_cpr_aed,2026-07-09,8:30 AM,NC - Wilmington: 4018 Shipyard Blvd; Room B @ 910CPR's Office,Book This Class,https://coastalcprtraining.enrollware.com/enroll?id=12776701,existing_enrollware_class,12776701,12776701,,,,,high,Visible row session ID matches latest Class Report.
/courses/heartsaver-first-aid-cpr-aed.html,AHA Heartsaver� First Aid CPR AED � Blended,aha_heartsaver_first_aid_cpr_aed,2026-07-10,11:45 AM,NC - Wilmington: 4018 Shipyard Blvd; Room B @ 910CPR's Office,Book This Class,https://coastalcprtraining.enrollware.com/enroll?id=12776162,existing_enrollware_class,12776162,12776162,,,,,high,Visible row session ID matches latest Class Report.
/courses/heartsaver-first-aid-cpr-aed.html,AHA Heartsaver� First Aid CPR AED � Blended,aha_heartsaver_first_aid_cpr_aed,2026-07-10,5:30 PM,NC - Wilmington: 4018 Shipyard Blvd; Room B @ 910CPR's Office,Book This Class,https://coastalcprtraining.enrollware.com/enroll?id=12775797,existing_enrollware_class,12775797,12775797,,,,,high,Visible row session ID matches latest Class Report.
/courses/heartsaver-first-aid-cpr-aed.html,AHA Heartsaver� First Aid CPR AED � Blended,aha_heartsaver_first_aid_cpr_aed,2026-07-11,5:30 PM,NC - Wilmington: 4018 Shipyard Blvd; Room B @ 910CPR's Office,Book This Class,https://coastalcprtraining.enrollware.com/enroll?id=12775798,existing_enrollware_class,12775798,12775798,,,,,high,Visible row session ID matches latest Class Report.
/courses/heartsaver-first-aid-cpr-aed.html,AHA Heartsaver� First Aid CPR AED � Blended,aha_heartsaver_first_aid_cpr_aed,2026-07-13,11:45 AM,NC - Wilmington: 4018 Shipyard Blvd; Room B @ 910CPR's Office,Book This Class,https://coastalcprtraining.enrollware.com/enroll?id=12776153,existing_enrollware_class,12776153,12776153,,,,,high,Visible row session ID matches latest Class Report.
/courses/heartsaver-first-aid-cpr-aed.html,AHA Heartsaver� First Aid CPR AED � Blended,aha_heartsaver_first_aid_cpr_aed,2026-07-13,5:30 PM,NC - Wilmington: 4018 Shipyard Blvd; Room B @ 910CPR's Office,Book This Class,https://coastalcprtraining.enrollware.com/enroll?id=12775787,existing_enrollware_class,12775787,12775787,,,,,high,Visible row session ID matches latest Class Report.
/courses/heartsaver-first-aid-cpr-aed.html,AHA Heartsaver� First Aid CPR AED � Blended,aha_heartsaver_first_aid_cpr_aed,2026-07-16,8:30 AM,NC - Wilmington: 4018 Shipyard Blvd; Room B @ 910CPR's Office,Book This Class,https://coastalcprtraining.enrollware.com/enroll?id=12776703,existing_enrollware_class,12776703,12776703,,,,,high,Visible row session ID matches latest Class Report.
/courses/heartsaver-first-aid-cpr-aed.html,AHA Heartsaver� First Aid CPR AED � Blended,aha_heartsaver_first_aid_cpr_aed,2026-07-17,11:45 AM,NC - Wilmington: 4018 Shipyard Blvd; Room B @ 910CPR's Office,Book This Class,https://coastalcprtraining.enrollware.com/enroll?id=12776163,existing_enrollware_class,12776163,12776163,,,,,high,Visible row session ID matches latest Class Report.
/courses/heartsaver-first-aid-cpr-aed.html,AHA Heartsaver� First Aid CPR AED � Blended,aha_heartsaver_first_aid_cpr_aed,2026-07-17,5:30 PM,NC - Wilmington: 4018 Shipyard Blvd; Room B @ 910CPR's Office,Book This Class,https://coastalcprtraining.enrollware.com/enroll?id=12775802,existing_enrollware_class,12775802,12775802,,,,,high,Visible row session ID matches latest Class Report.
/courses/heartsaver-first-aid-cpr-aed.html,AHA Heartsaver� First Aid CPR AED � Blended,aha_heartsaver_first_aid_cpr_aed,2026-07-18,5:30 PM,NC - Wilmington: 4018 Shipyard Blvd; Room B @ 910CPR's Office,Book This Class,https://coastalcprtraining.enrollware.com/enroll?id=12775799,existing_enrollware_class,12775799,12775799,,,,,high,Visible row session ID matches latest Class Report.
/courses/heartsaver-first-aid-cpr-aed.html,AHA Heartsaver� First Aid CPR AED � Blended,aha_heartsaver_first_aid_cpr_aed,2026-07-20,11:45 AM,NC - Wilmington: 4018 Shipyard Blvd; Room B @ 910CPR's Office,Book This Class,https://coastalcprtraining.enrollware.com/enroll?id=12776155,existing_enrollware_class,12776155,12776155,,,,,high,Visible row session ID matches latest Class Report.
/courses/heartsaver-first-aid-cpr-aed.html,AHA Heartsaver� First Aid CPR AED � Blended,aha_heartsaver_first_aid_cpr_aed,2026-07-23,8:30 AM,NC - Wilmington: 4018 Shipyard Blvd; Room B @ 910CPR's Office,Book This Class,https://coastalcprtraining.enrollware.com/enroll?id=12776702,existing_enrollware_class,12776702,12776702,,,,,high,Visible row session ID matches latest Class Report.
/courses/heartsaver-first-aid-cpr-aed.html,AHA Heartsaver� First Aid CPR AED � Blended,aha_heartsaver_first_aid_cpr_aed,2026-07-24,11:45 AM,NC - Wilmington: 4018 Shipyard Blvd; Room B @ 910CPR's Office,Book This Class,https://coastalcprtraining.enrollware.com/enroll?id=12776164,existing_enrollware_class,12776164,12776164,,,,,high,Visible row session ID matches latest Class Report.
/courses/heartsaver-first-aid-cpr-aed.html,AHA Heartsaver� First Aid CPR AED � Blended,aha_heartsaver_first_aid_cpr_aed,2026-07-24,5:30 PM,NC - Wilmington: 4018 Shipyard Blvd; Room B @ 910CPR's Office,Book This Class,https://coastalcprtraining.enrollware.com/enroll?id=12775800,existing_enrollware_class,12775800,12775800,,,,,high,Visible row session ID matches latest Class Report.
/courses/heartsaver-first-aid-cpr-aed.html,AHA Heartsaver� First Aid CPR AED � Blended,aha_heartsaver_first_aid_cpr_aed,2026-07-25,5:30 PM,NC - Wilmington: 4018 Shipyard Blvd; Room B @ 910CPR's Office,Book This Class,https://coastalcprtraining.enrollware.com/enroll?id=12775801,existing_enrollware_class,12775801,12775801,,,,,high,Visible row session ID matches latest Class Report.
/courses/heartsaver-first-aid-cpr-aed.html,AHA Heartsaver� First Aid CPR AED � Blended,aha_heartsaver_first_aid_cpr_aed,2026-07-27,11:45 AM,NC - Wilmington: 4018 Shipyard Blvd; Room B @ 910CPR's Office,Book This Class,https://coastalcprtraining.enrollware.com/enroll?id=12776154,existing_enrollware_class,12776154,12776154,,,,,high,Visible row session ID matches latest Class Report.
/courses/heartsaver-first-aid-cpr-aed.html,AHA Heartsaver� First Aid CPR AED � Blended,aha_heartsaver_first_aid_cpr_aed,2026-07-27,5:30 PM,NC - Wilmington: 4018 Shipyard Blvd; Room B @ 910CPR's Office,Book This Class,https://coastalcprtraining.enrollware.com/enroll?id=12775789,existing_enrollware_class,12775789,12775789,,,,,high,Visible row session ID matches latest Class Report.
/courses/heartsaver-first-aid-cpr-aed.html,AHA Heartsaver� First Aid CPR AED � Blended,aha_heartsaver_first_aid_cpr_aed,2026-07-30,8:30 AM,NC - Wilmington: 4018 Shipyard Blvd; Room B @ 910CPR's Office,Book This Class,https://coastalcprtraining.enrollware.com/enroll?id=12776704,existing_enrollware_class,12776704,12776704,,,,,high,Visible row session ID matches latest Class Report.
/courses/heartsaver-first-aid-cpr-aed.html,AHA Heartsaver� First Aid CPR AED � Blended,aha_heartsaver_first_aid_cpr_aed,2026-07-31,11:45 AM,NC - Wilmington: 4018 Shipyard Blvd; Room B @ 910CPR's Office,Book This Class,https://coastalcprtraining.enrollware.com/enroll?id=12776165,existing_enrollware_class,12776165,12776165,,,,,high,Visible row session ID matches latest Class Report.
/courses/heartsaver-first-aid-cpr-aed.html,AHA Heartsaver� First Aid CPR AED � Blended,aha_heartsaver_first_aid_cpr_aed,2026-07-31,5:30 PM,NC - Wilmington: 4018 Shipyard Blvd; Room B @ 910CPR's Office,Book This Class,https://coastalcprtraining.enrollware.com/enroll?id=12775803,existing_enrollware_class,12775803,12775803,,,,,high,Visible row session ID matches latest Class Report.
/courses/heartsaver-pediatric-first-aid-cpr-aed.html,AHA Heartsaver� Pediatric First Aid CPR AED Online,aha_heartsaver_pediatric_first_aid_cpr_aed,2026-07-02,8:30 AM,NC - Wilmington: 4018 Shipyard Blvd; Room B @ 910CPR's Office,Book This Class,https://coastalcprtraining.enrollware.com/enroll?id=12783382,existing_enrollware_class,12783382,12783382,,,,,high,Visible row session ID matches latest Class Report.
/courses/heartsaver-pediatric-first-aid-cpr-aed.html,AHA Heartsaver� Pediatric First Aid CPR AED Online,aha_heartsaver_pediatric_first_aid_cpr_aed,2026-07-09,8:30 AM,NC - Wilmington: 4018 Shipyard Blvd; Room B @ 910CPR's Office,Book This Class,https://coastalcprtraining.enrollware.com/enroll?id=12783383,existing_enrollware_class,12783383,12783383,,,,,high,Visible row session ID matches latest Class Report.
/courses/heartsaver-pediatric-first-aid-cpr-aed.html,AHA Heartsaver� Pediatric First Aid CPR AED Online,aha_heartsaver_pediatric_first_aid_cpr_aed,2026-07-16,8:30 AM,NC - Wilmington: 4018 Shipyard Blvd; Room B @ 910CPR's Office,Book This Class,https://coastalcprtraining.enrollware.com/enroll?id=12783384,existing_enrollware_class,12783384,12783384,,,,,high,Visible row session ID matches latest Class Report.
/courses/heartsaver-pediatric-first-aid-cpr-aed.html,AHA Heartsaver� Pediatric First Aid CPR AED Online,aha_heartsaver_pediatric_first_aid_cpr_aed,2026-07-23,8:30 AM,NC - Wilmington: 4018 Shipyard Blvd; Room B @ 910CPR's Office,Book This Class,https://coastalcprtraining.enrollware.com/enroll?id=12783385,existing_enrollware_class,12783385,12783385,,,,,high,Visible row session ID matches latest Class Report.
/courses/heartsaver-pediatric-first-aid-cpr-aed.html,AHA Heartsaver� Pediatric First Aid CPR AED Online,aha_heartsaver_pediatric_first_aid_cpr_aed,2026-07-30,8:30 AM,NC - Wilmington: 4018 Shipyard Blvd; Room B @ 910CPR's Office,Book This Class,https://coastalcprtraining.enrollware.com/enroll?id=12783386,existing_enrollware_class,12783386,12783386,,,,,high,Visible row session ID matches latest Class Report.
/hsi.html,HSI BLS Challenge,hsi,2026-08-14,12:45 PM,NC - Wilmington: 4018 Shipyard Blvd; Room B @ 910CPR's Office,Book This Class,https://coastalcprtraining.enrollware.com/enroll?id=13601272,existing_enrollware_class,13601272,13601272,,,,,high,Visible row session ID matches latest Class Report.
/hsi.html,HSI BLS and Adult First Aid | Blended Learning,hsi,2026-07-04,2:45 PM - 3:30 PM,NC - Wilmington: 4018 Shipyard Blvd @ 910CPR's Office,Check this date/time,https://coastalcprtraining.enrollware.com/enroll?appointmentDayId=260683&startTime=2%3A45%20PM&courseId=445670,appointment_seed,,,260683,445670,data/audit/dynamic_offer_presentation_policy_report.json,data/audit/public_sellable_offers_preview.json,high,"AppointmentDayId URL, not an enroll?id class URL."
